"CCA1"	"CCA2"
"AATK"	0.226368382450448	0.0543105596506108
"ABCC8"	0.290765551603099	0.0328114437274969
"ABCG4"	0.230044507091839	-0.0228451451357986
"ACSBG1"	0.362203203238529	0.100632223931443
"ACSL6"	0.226192871034139	0.219415737612446
"ACTL6B"	0.226071929775053	0.133183843413403
"ADAM11"	0.276712724762379	0.175248775764918
"ADAM22"	0.238096188620142	0.0634107957517115
"ADAM23"	0.204661934375396	0.182099985830814
"ADCY1"	0.215405446791886	0.182310816406853
"ADCY2"	0.20838168631175	-0.0191525359289858
"ADCY8"	0.208195556077451	-0.0510235914798928
"ADCYAP1"	0.211921965025588	0.0601956234187809
"ADCYAP1R1"	0.243834955673577	0.0684578099094108
"ADD2"	0.33956077004947	0.0844589555715792
"ADGRB1"	0.414428606027136	0.107387697790973
"ADGRB3"	0.312362225745342	0.084351403841462
"AGAP2"	0.285349301373312	0.0315502562093053
"AHI1"	0.23695181664502	-0.00543212878383611
"AIFM3"	0.226754676673048	0.118997756923572
"AJAP1"	0.210491042711392	0.0225774062950437
"AJM1"	0.297872354774399	0.0348771575860334
"AK5"	0.256274042638481	0.115558618876661
"AKAP6"	0.248854603517002	-0.0255155184380354
"ALDOC"	0.378152114996404	0.126216034515344
"AMER2"	0.308291571481016	0.0596503894580879
"AMPH"	0.346475455043196	-0.0242110512081051
"ANK1"	0.32502730697259	0.103989462731015
"ANK2"	0.303127334963766	0.0203735105838828
"ANKRD13D"	0.229544418378436	0.0232319248964986
"ANKRD34B"	0.247169318259179	0.0850025573237436
"ANKS1B"	0.377705969719965	0.107302284413917
"ANO3"	0.295979601103941	0.0724778456502205
"AP3B2"	0.366092906139137	0.0881354050384987
"APBA1"	0.273726203629904	0.0199641247888852
"APBA2"	0.322456385895109	0.124829490477053
"APBB1"	0.251724446134349	-0.0153014398612687
"APC2"	0.241593383567108	0.0740539171430984
"APLP1"	0.262016232332764	0.0409200271112677
"APOD"	0.22539786626117	0.050453521617166
"AQP4"	0.203378184454989	-0.0981929932327246
"ARHGAP20"	0.207473525543222	-0.016085766974042
"ARHGAP44"	0.205776008034077	-0.00895214533700079
"ARHGEF4"	0.223734345558845	0.0487979046793026
"ARHGEF9"	0.217121651958491	0.0693021152111122
"ARMCX2"	0.210698524468224	-0.0106628665113975
"ARPP21"	0.328727621464185	0.0730349019155302
"ASIC1"	0.278302098380195	0.0722758356276864
"ASIC2"	0.252578656759068	0.0427533645149584
"ASIC4"	0.204780607242865	-0.0029535869776688
"ASPHD1"	0.216182051646653	0.0597359708177423
"ASPHD2"	0.257009998815934	0.111146328349326
"ATP13A4"	0.267857738394897	0.025275997200496
"ATP13A5"	0.244405761778167	0.0592690569096322
"ATP1A2"	0.333645934514121	-0.0123241659527141
"ATP1A3"	0.488818503909853	0.158290870585716
"ATP1B2"	0.32531175163933	0.0653217792554575
"ATP2B2"	0.260765076901175	0.223782830946366
"ATP2B3"	0.327972558597535	0.121679210125567
"ATP6V0E2"	0.209816273958592	0.0537061314931685
"B3GAT1"	0.282995635593245	0.172583001484098
"B4GALNT4"	0.29037602183798	-0.0141119709665486
"B4GALT2"	0.221728391311998	0.0223287614442628
"BCAN"	0.270415517739932	0.132018453015896
"BCAT1"	0.292440100097835	0.0769666844104758
"BCL11A"	0.203228363763061	-0.0301366936156849
"BEGAIN"	0.244056878680391	0.0844736332784613
"BEND6"	0.345219950307845	0.0827867486099022
"BMERB1"	0.343584481231249	0.0646225659106453
"BRINP1"	0.370860752778848	0.0974496989542794
"BRINP3"	0.236542127133026	0.0703168650961507
"BRSK1"	0.3467431787769	0.097465256451719
"BRSK2"	0.339707189206568	0.0886103250946628
"BSN"	0.262462118134691	0.153953313596674
"C1QL3"	0.229930624196961	0.0674843185690866
"C1QTNF4"	0.244894168445716	0.0964869855411844
"CA10"	0.305029898738426	0.0963234763911889
"CA11"	0.215624181439255	0.0451393140533301
"CABP1"	0.21075923677548	0.139640557636263
"CABP7"	0.308209152969557	0.0960585119181239
"CACNA1A"	0.254253108703556	-0.0268189350586277
"CACNA1B"	0.309125710347112	0.0536199578449934
"CACNA1E"	0.222881885679345	0.0306984276548892
"CACNA1G"	0.259801691666341	0.00224784723500708
"CACNA2D2"	0.251271012469451	0.0750361498032259
"CACNA2D3"	0.261473446354032	0.0747174246223907
"CACNB3"	0.209627643946006	-0.0296386543153425
"CACNB4"	0.248981092337659	0.0116008812478493
"CACNG2"	0.300336572104916	0.0960901540855289
"CACNG3"	0.252973272885081	0.0826697171724633
"CACNG7"	0.356615109225601	0.0625814763800106
"CACNG8"	0.315919855337957	0.0981597108695723
"CADM2"	0.25231852961375	0.0702553079559895
"CADM3"	0.354871764643609	0.0546490101346788
"CADPS"	0.321339357355266	0.0385507305251722
"CALB2"	0.292218043912468	0.0740859127536162
"CALN1"	0.251470454395371	0.0828210982599077
"CALY"	0.320134468484822	0.0965535847653433
"CAMK1G"	0.273755519145832	0.0257304086934611
"CAMK2A"	0.351444276716291	0.0883874377680061
"CAMK2B"	0.325549058902367	-0.0134361737535136
"CAMK4"	0.278997337255669	0.0517620292712627
"CAMKK1"	0.206631246498978	0.0126150280526904
"CAMKV"	0.314912626461084	0.0946462561522322
"CAMTA1"	0.299115091870008	0.019078179919798
"CARMIL2"	0.24022720681886	0.00300156653157798
"CARMIL3"	0.240345844501359	0.0700359781030756
"CASKIN1"	0.257423106211072	0.059420323663349
"CBARP"	0.308736271877468	0.0634111701464155
"CBLN1"	0.276324120331833	0.115003310083005
"CBLN4"	0.211105136269002	0.0646171656036535
"CCDC136"	0.287328386562527	0.00265108809913704
"CDH18"	0.291107469130384	0.0654717625773879
"CDH20"	0.256793494428306	0.0930610715740777
"CDH22"	0.25866856534116	0.0781088354331876
"CDH7"	0.20743316242951	0.0450939846954958
"CDH8"	0.302755423620246	0.0887615913248821
"CDK5R1"	0.25194082318117	0.0576466825390567
"CDK5R2"	0.337503349897355	0.0850889900131507
"CELF3"	0.288164910434433	0.0134199336142533
"CELF4"	0.40983896881974	0.103599713054333
"CELF5"	0.214056953109059	0.0670864504958836
"CELSR3"	0.249505133470394	0.0338184865848907
"CEND1"	0.367586372552043	0.0981263577855924
"CERS1"	0.292472875068856	0.0931290460043504
"CHD5"	0.266344679187901	0.00751758301626078
"CHGA"	0.279920941426437	-0.0710833709844958
"CHGB"	0.294645025317505	-0.0709348736734975
"CHL1"	0.308306094111696	-0.0077223356834745
"CHN1"	0.302109142644856	-0.0106411525021459
"CHRNA4"	0.214181152453104	0.0784985584485538
"CHRNB2"	0.288322863121984	0.0720026967174233
"CHST1"	0.206480483064714	0.0766300873840788
"CHST10"	0.21750791847997	0.0516890656767257
"CLDN11"	0.324409993554678	0.0896446937801846
"CLIP3"	0.276238485793446	0.0337753942267232
"CLSTN2"	0.234305926608544	0.000695263346970229
"CLSTN3"	0.391846609848355	0.0773638048901324
"CLVS2"	0.269845186891721	0.074013422363125
"CMTM5"	0.29316587876545	0.0671365382819089
"CNKSR2"	0.27360915952149	0.0299862458611197
"CNNM1"	0.379543619094897	0.119829110235876
"CNR1"	0.326526292096059	0.031506886950509
"CNTFR"	0.225131166951041	0.0947785839181493
"CNTN1"	0.299806297006215	-0.0401816596607817
"CNTN2"	0.324698164287919	0.0284434834790644
"CNTN4"	0.268439951575182	0.0302124703130611
"CNTN6"	0.231384342653797	0.0755279079071201
"CNTNAP1"	0.329217968337433	0.0510072580482649
"CNTNAP4"	0.305732382642563	0.0917675161666853
"CORO2B"	0.23226996017158	0.0336214964207336
"CPLX1"	0.403246330036794	0.128565115175424
"CPLX2"	0.370122886314056	0.0649337202893219
"CPNE5"	0.230617115438846	0.0381928810818945
"CPNE6"	0.246909807613866	0.0521894198749998
"CPNE7"	0.218816074871903	0.0594416932688931
"CPNE9"	0.24711902086957	0.0696372667198732
"CPT1C"	0.214283663971055	0.0441262356837594
"CRHR1"	0.243920754066023	0.0793296093654548
"CRMP1"	0.354511607179666	0.0723518003027958
"CSDC2"	0.267467293578186	0.00373546276408323
"CSMD3"	0.242801630861273	0.0537939856898591
"CSPG5"	0.331737152011213	0.104277742154467
"CSRNP3"	0.232787437623457	0.0410568738348332
"CTNNA2"	0.321165961667692	0.0495332769948752
"CTNND2"	0.267122988299436	0.0978318494113015
"CX3CL1"	0.252952067453317	-0.0255693551562794
"CYP46A1"	0.286779946293295	0.0524525894474351
"DAGLA"	0.232170659001206	-0.019905931578236
"DCLK1"	0.291033119546671	0.00921147457183765
"DDX25"	0.320815382433128	0.0738932942960957
"DGKB"	0.205553446736294	0.00727566647085612
"DGKG"	0.265374887375645	0.00785135771364501
"DIRAS1"	0.265927405754096	0.0840306454025794
"DIRAS2"	0.365796607693147	0.106710899085617
"DISP2"	0.329149336725232	0.0414100803920956
"DISP3"	0.313454691083201	0.0932806360832095
"DLG2"	0.296582347591227	0.0454414189955945
"DLG4"	0.312909046912744	0.063758044799658
"DLGAP1"	0.374586503052933	0.11145216846069
"DLGAP3"	0.390008605773793	0.121664357659275
"DMTN"	0.211141157666766	0.0374729461440139
"DNAJC6"	0.279713156501825	0.0752912250498265
"DNM1"	0.203316031401718	0.0316370150710782
"DOC2B"	0.224431813845667	0.0434804448572611
"DOCK3"	0.237797377437522	0.0735499240690653
"DPF1"	0.239378118865722	-0.0191271012621305
"DPM2"	0.221814968878704	0.0830976510511546
"DPYSL4"	0.259923017397234	0.0659334592753683
"DPYSL5"	0.231821811675698	0.0874945616686536
"DRP2"	0.220802806864031	0.0697023922757672
"DSCAML1"	0.300114194329086	0.0937411784080922
"DTNA"	0.259780689610173	-0.0298089213088458
"DUSP26"	0.247417573009137	-0.0151562302497905
"DYNC1I1"	0.287577753428529	0.0859821889371782
"DZANK1"	0.269349305929184	0.0819702311155771
"EDIL3"	0.254874664704167	0.0432487049817632
"EFR3B"	0.226794930664414	0.0460122785088765
"ELAVL2"	0.27515743350482	0.047952109200264
"ELAVL3"	0.348975654702421	0.0939980586510614
"ELAVL4"	0.299475380589604	0.0541473235068646
"ELFN2"	0.309245943311068	0.0889191332718297
"ELMOD1"	0.33132536615169	0.0347779049511455
"ELOVL4"	0.207742893523369	0.0162191719656142
"ENHO"	0.220655676892937	0.0249123502333519
"ENO2"	0.382260998522908	0.0495786306624589
"EPDR1"	0.250234215149306	0.0376786620173855
"EPHA10"	0.256602854378097	0.0912903774188147
"EPHA8"	0.257224782967765	0.0776099194643174
"EPHB1"	0.215250260020601	0.0214501489886361
"EPHB6"	0.210373356611399	-0.0330822212985336
"ERMN"	0.343261449068287	0.111619964027913
"EXTL1"	0.216277004912277	0.0891444443810012
"FAIM2"	0.358398891974815	0.0601225371878031
"FAM107A"	0.227636546035541	0.0407489201853226
"FAM131B"	0.328643715895165	0.0717116093627498
"FAM135B"	0.294979251291114	0.0925790156196655
"FAM163B"	0.232439705391547	0.0741050576437535
"FAM171B"	0.302050612840319	0.00922848857041038
"FAM181B"	0.222794963990939	0.0319895547621637
"FAT3"	0.24627814828904	0.00429503731754188
"FBLL1"	0.236817389676987	0.0549034043953253
"FBXL16"	0.249077085481716	0.122963994791184
"FBXO2"	0.315089828053262	0.0901309434748994
"FBXO41"	0.237230163404132	0.076963714399234
"FBXO44"	0.296980876896185	0.109510030378131
"FGF14"	0.20181282693776	0.0250950606650648
"FJX1"	0.207535847585319	-0.0500303898304301
"FMN2"	0.286029766029984	0.0457839396161576
"FNDC5"	0.299206411307139	0.121186717674341
"FRMPD1"	0.227787840126352	0.0388629996955114
"FRMPD3"	0.235249717878681	0.066423923267936
"FRMPD4"	0.304118409997726	0.0417008561619561
"FRRS1L"	0.252327237694197	0.0399216339921084
"FSD1"	0.220407207353047	0.0266214358346726
"FSTL5"	0.210675942774192	0.0530597704672571
"FXYD7"	0.213933940575315	0.0582854779695311
"GABBR1"	0.237457144496161	0.020825851370038
"GABBR2"	0.318677347556248	0.0596060323299882
"GABRA1"	0.455023949648657	0.142234013468281
"GABRA2"	0.293672923580446	0.0969905491919269
"GABRA3"	0.212821244523832	0.0835796680800247
"GABRA4"	0.228867953270942	0.0845123610830423
"GABRA5"	0.297759270830292	0.0955273283943001
"GABRA6"	0.266553967316113	0.0700980956901048
"GABRB1"	0.207342212209824	0.0747953234536748
"GABRB2"	0.323407278993778	0.0698566860193309
"GABRB3"	0.299369857030188	0.0767940546862584
"GABRD"	0.283637799585818	0.0329430621078462
"GABRG1"	0.24434934646249	0.0794247492156371
"GABRG2"	0.376977246822091	0.115475151578839
"GAD1"	0.422387651578066	0.143183533399899
"GAD2"	0.355653124147688	0.114768895415671
"GAL3ST3"	0.233176605895711	0.0747176219124616
"GALNT16"	0.264766776652788	0.0463413009567077
"GALNT17"	0.265406633074297	0.0385816754796139
"GALNT9"	0.21165505264827	0.102556899338415
"GAP43"	0.352518654785168	0.071362285642666
"GARNL3"	0.213888895863302	0.0104803362038002
"GAS7"	0.222820568240936	0.00551611429050793
"GDAP1"	0.271982000441437	0.0702164563881411
"GDAP1L1"	0.300604323966793	0.0677357892427842
"GDF1"	0.244905307136927	0.0576314012718189
"GFAP"	0.366369118343252	0.0946520254893866
"GGT7"	0.263791155756886	0.045826465192332
"GLRB"	0.294916292595107	0.0498683090450276
"GNAO1"	0.292383401892072	-0.0169450498688321
"GNG13"	0.27165255921554	0.0652223975048348
"GNG3"	0.264243537179595	0.0648592744412319
"GOLGA7B"	0.302862723907559	0.0744945299895288
"GP1BB"	0.210160747077862	0.0405283378906864
"GPM6A"	0.229116686203013	0.0122536419329194
"GPM6B"	0.3677693771234	0.00765349470711889
"GPR12"	0.214829291509069	0.0725308628333575
"GPR162"	0.308410935200273	0.0690815653517357
"GPR37"	0.331623875878525	0.0875739252118373
"GPR37L1"	0.39669486695983	0.0964869109326036
"GPR85"	0.212709784442195	0.00555617238035402
"GPRASP2"	0.279771527663584	0.0403538423421774
"GPRC5B"	0.250494884660388	0.0043767258323184
"GPRIN1"	0.261270354187962	0.0398357450966975
"GPSM1"	0.207887160732862	-0.00172489955069589
"GRIA1"	0.369235473757956	0.0956032279995017
"GRIA2"	0.400118131771742	0.10812411758611
"GRIA3"	0.280284324450592	0.0985253217486427
"GRIA4"	0.350459070792497	0.100427931244751
"GRID2"	0.223964335760604	0.0582527007285752
"GRIK1"	0.271960409647429	0.0794440769329346
"GRIK2"	0.279424788227327	0.0881048766952509
"GRIK3"	0.235472409126023	0.0655461060270684
"GRIK4"	0.21239895897983	0.00443411589412305
"GRIK5"	0.258947936665949	0.0451603051228281
"GRIN1"	0.357684199713272	0.0300813687872681
"GRIN2A"	0.212975386658853	0.0699807256422385
"GRIN2B"	0.223361574699076	0.0689734851682155
"GRM1"	0.334147490017809	0.110443407138652
"GRM2"	0.243009962032281	0.079963748691936
"GRM3"	0.335271712094076	0.0697865078912844
"GRM4"	0.322728771730269	0.101318404362337
"GRM5"	0.241173003056199	0.090094968346421
"GRM7"	0.23435916924263	0.0373954860494263
"GRM8"	0.204566934684479	0.0585208309269962
"HAP1"	0.350855631051928	0.0463006652087687
"HAPLN2"	0.26058065375767	0.0858533274815827
"HCN1"	0.243051825220367	0.0716907706268718
"HCN2"	0.257721671469379	0.0544669346109879
"HECW1"	0.223136857301044	-0.00644711840345676
"HEPACAM"	0.377469340288466	0.105445418729368
"HPCAL4"	0.24830882596254	0.0811294255110612
"HRH3"	0.249079216728814	0.0523463069043198
"HS3ST4"	0.262668787727861	0.0792748507496838
"HTR2C"	0.216888712509205	0.0777865401647155
"HTR5A"	0.205722508317143	0.0634157313100467
"HYDIN"	0.250752777698645	-0.0718449913764514
"IGLON5"	0.211874087233002	0.0189805651245792
"IGSF1"	0.278198639165709	0.0765024905624315
"IGSF21"	0.280565080328505	0.0893702432328825
"IGSF9B"	0.262267926477012	0.0346121055467887
"INSYN1"	0.295719763456146	0.131376272799455
"IQSEC3"	0.33154243758124	0.0865569558813184
"ISLR2"	0.205285364389466	0.0405093295643138
"JAKMIP2"	0.305050879747296	0.0596809059458144
"JAKMIP3"	0.209376718964321	0.091145157374313
"JPH1"	0.224987006042746	0.0141081445326827
"JPH3"	0.376887139387865	0.105566703917968
"JPH4"	0.375974014502632	0.0830468218067219
"KCNA1"	0.319633503336838	0.098343108638061
"KCNA2"	0.300419262563617	0.0432795698757084
"KCNA3"	0.203871926366361	-0.0482848581877958
"KCNA6"	0.238791690901663	0.0846327600558719
"KCNAB1"	0.269871464145414	0.065900170499023
"KCNAB2"	0.279208566043193	-0.0198680456455797
"KCNAB3"	0.243568346531286	0.0462727063622565
"KCNC1"	0.379878916817379	0.118005397962093
"KCNC2"	0.291558277051399	0.084065242811486
"KCNC3"	0.246551491564153	0.044504214078144
"KCNC4"	0.234777801154219	0.0644943668810503
"KCND2"	0.331045876879628	0.0886379815644892
"KCND3"	0.211456751131441	0.0411856693988555
"KCNH2"	0.227782450030952	-0.0563643353326198
"KCNH3"	0.213675340171543	0.00427349178779089
"KCNJ11"	0.20403824655425	0.0253389123613292
"KCNJ3"	0.288201043466589	0.0389298503432613
"KCNJ9"	0.276766052904529	0.085772067845713
"KCNK9"	0.294361535000314	0.0950489326143244
"KCNMA1"	0.207809363819834	-0.00609388480966656
"KCNQ2"	0.35227505577493	0.105253932683077
"KCNQ3"	0.280622933702416	0.0529542378599023
"KCNV1"	0.225671053898779	0.0743037425833602
"KCTD4"	0.229009269742139	0.0708031172552439
"KIAA0408"	0.28165149885283	-0.0199173662038465
"KIF3C"	0.254522773763759	0.0378766001813661
"KIF5A"	0.418475625743302	0.106905332823718
"KIF5C"	0.412895957555549	0.116892000702488
"KIRREL3"	0.250200233979982	0.0807028330117186
"KLHL34"	0.249076538639611	0.0909926519861995
"KNDC1"	0.352998045314035	0.00895766559540015
"KRT222"	0.213354635276727	0.0670479344249731
"L1CAM"	0.204292761231314	0.00408151245930471
"LAMP5"	0.316204933275948	0.100289884823504
"LARP6"	0.252725959710826	-0.0176609687761992
"LGI1"	0.332726051232704	0.054351780236702
"LGI2"	0.203992416990621	0.0178684888140272
"LGI3"	0.304300394638239	-0.0789269722190716
"LGI4"	0.207570742178079	-0.0136497007580391
"LHFPL4"	0.230731944476752	0.039795482164592
"LINGO1"	0.264633921178114	0.10984874948525
"LINGO3"	0.241737046184519	0.047661746413875
"LMTK3"	0.241774334519796	0.0745951236214509
"LONRF2"	0.294086408749741	0.0753378258941685
"LRCH2"	0.2114815036041	-0.0116601919542489
"LRFN1"	0.215056335840581	0.0128510623529037
"LRFN5"	0.290895261599046	0.0871634620461189
"LRRC4"	0.302339550856906	0.044925743253428
"LRRC4B"	0.326161326765124	0.0711140829548119
"LRRC4C"	0.272654003775118	0.0738391708351921
"LRRC7"	0.233611972311625	0.0612847784423246
"LRRC73"	0.221950113161327	0.0213306937922354
"LRRN1"	0.277194724408866	0.0718956622678055
"LRRN2"	0.316150593225919	0.0502108748943969
"LRRTM1"	0.204113563851222	0.0255800876725189
"LRRTM2"	0.249901789818363	0.0684898725596902
"LRRTM3"	0.253588085920769	-0.0121784377495149
"LRRTM4"	0.234394669630871	0.0189002962633895
"LSAMP"	0.262930030242969	0.097496461234906
"MAG"	0.307585642993712	0.0737817762438968
"MAGEE1"	0.298561727033616	0.0772177692468715
"MAGEE2"	0.20516689658681	-0.0182563761345734
"MAGI2"	0.240106632665111	0.0687786813448715
"MANEAL"	0.274830882310872	0.0702557806765634
"MAP1A"	0.332968089079566	0.00627780070224492
"MAP1B"	0.28068233096376	0.000348806540569033
"MAP2"	0.371590067910279	0.0214212042876261
"MAP6"	0.26855022718261	-0.0305602928331548
"MAP6D1"	0.255056525264296	0.0800604338075127
"MAP7D2"	0.347382635665136	0.0862143324695182
"MAPK8IP2"	0.296380674598539	0.0386005150121096
"MAST1"	0.317527073907788	0.063137698609508
"MBP"	0.315040363508298	0.0661783045943636
"MED12L"	0.20172978899806	0.0271275052427315
"MEGF10"	0.258407864135238	0.0521700239485826
"MGAT5B"	0.280042640145211	0.0712892972201232
"MIGA1"	0.217347213038426	0.00773225769378667
"MINAR2"	0.240832028571161	0.0150408086261522
"MLC1"	0.354257447694911	0.115948257140732
"MLIP"	0.204371415255621	0.0371963778884173
"MLLT11"	0.234070806516601	0.0756295309609451
"MOBP"	0.394842723063718	0.127894004125241
"MOG"	0.305686222060661	0.0905908483974094
"MPP3"	0.317776254787038	0.016244097020565
"MPPED1"	0.202499678012033	0.0823417086175069
"MT3"	0.359170377447151	0.122093098942387
"MTCL1"	0.207846002711237	-0.0736171107894232
"MTUS2"	0.21668487096859	-0.0072698369855752
"MYPOP"	0.214294091003556	0.0340304752844442
"MYT1"	0.259655835336284	0.0460046768654236
"MYT1L"	0.376071322309427	0.103080350349629
"NACAD"	0.222643216591053	0.0400678959766895
"NALCN"	0.326138133948326	0.0700063189951305
"NAP1L2"	0.277194591791347	0.112748457157567
"NAPB"	0.288896272408957	0.0818400659021607
"NAT8L"	0.300653125656569	0.0586018748803114
"NBEA"	0.211572192000517	-0.0468291235328246
"NCAM1"	0.322462138623254	0.0501413606846834
"NCAM2"	0.24854379830599	0.0541525460871776
"NCAN"	0.308662506863121	0.0902711048420319
"NCS1"	0.246784680425276	0.0329638777147587
"NDRG4"	0.387695480309974	0.0546390244541691
"NDST3"	0.225044724242237	0.0594389761048975
"NECAB1"	0.221223155191539	0.0375373191600528
"NECAB2"	0.211088982555568	0.0516546767378232
"NEFH"	0.405370585862062	0.125257822214228
"NEFL"	0.389435863506868	0.00675685067488224
"NEFM"	0.43863628872573	0.0983469656706274
"NELL2"	0.247513050938521	0.121528333507605
"NETO1"	0.226426816268384	0.0512375309497793
"NEURL1"	0.237547596526734	-0.0641534434737278
"NEUROD1"	0.286013857578328	0.0408623497930073
"NEUROD6"	0.234899304316566	0.0762386358288737
"NFASC"	0.319360224658479	0.0328998336886187
"NKX6-2"	0.231499015115686	0.0591065191257901
"NLGN1"	0.243039642290334	0.0515038350080194
"NLGN3"	0.302510368439734	0.033441438552231
"NMNAT2"	0.283559249378138	0.0130017763384287
"NOVA1"	0.303240499153122	0.0124786640318931
"NPTX1"	0.281924896199367	-0.0191448988071183
"NPTXR"	0.319748080577653	0.0584868070517224
"NRCAM"	0.359221509210423	0.0149139177068264
"NRG3"	0.207342107115868	0.0518564055026099
"NRGN"	0.256999685848807	0.0395038779003507
"NRIP3"	0.298236428005316	0.0758723083372038
"NRN1"	0.238738034128493	0.112771172405359
"NRSN1"	0.352905501803453	0.080562588594063
"NRSN2"	0.295362385875104	0.109714280513902
"NRXN1"	0.219561307696426	0.0489624151560268
"NRXN3"	0.328713693888831	0.10216474679224
"NSG1"	0.240026029957167	0.058752651184596
"NSG2"	0.282759742734346	0.0527389759325936
"NTM"	0.275222033449205	0.0773016719162125
"NTRK2"	0.251369077935115	0.157242683691351
"NTRK3"	0.271702457956088	0.0604990050801101
"NTSR2"	0.34916457504045	0.118506344448183
"NUDT10"	0.25747749508986	0.0786994627407728
"NXPH1"	0.238963293627007	0.0772684736649479
"NXPH3"	0.217397202456775	0.0567700629362169
"OLFM1"	0.281958646100862	0.0814387888096141
"OLFM2"	0.252412064337669	0.102563338224059
"OLFM3"	0.30532101425191	0.0842782819952088
"OLIG1"	0.301984141932072	0.0760512337789848
"OLIG2"	0.207489838934149	0.067351656340995
"OMG"	0.352260195809578	0.0829040195452022
"OPALIN"	0.252130543494156	0.07778080017469
"OPCML"	0.204967438234946	0.0434365614662714
"OPRL1"	0.292155500053309	0.0771182026953195
"OSBP2"	0.20339864391518	0.104473912447344
"OTUD7A"	0.225230315053217	0.0231194925910396
"P4HTM"	0.214286640628894	-0.0169328224840749
"PACSIN1"	0.248469851350515	0.0627146286312834
"PAK3"	0.242711077905281	0.0501451625313721
"PAK5"	0.302153273801698	0.0848215211828083
"PANX2"	0.27901764432615	0.0216761980859279
"PAQR8"	0.258555363303089	0.0297459774458104
"PCDH10"	0.328529689714754	0.0705572262855103
"PCDH20"	0.210266594597239	-0.0598010800669047
"PCDH7"	0.208743805877314	-0.0392612818838011
"PCDH9"	0.317191455596244	0.0593665502093281
"PCDHAC2"	0.213335434712389	-0.0438980491344114
"PCNX2"	0.330535626079437	0.0922655705258152
"PCSK2"	0.333400436110443	0.0409718945109178
"PCYT1B"	0.209958977991568	0.00519796953289953
"PDZD4"	0.220196836882262	0.0271010788848505
"PDZD7"	0.231962181714441	0.0595973121565002
"PEX5L"	0.318504809832487	0.0769574146920177
"PFN2"	0.255967988232948	0.0586479110200075
"PHACTR1"	0.205589551082354	-0.0210404342698817
"PHACTR3"	0.290987661281452	0.0754328368799735
"PHF24"	0.303744118499922	0.119932432972271
"PHKG1"	0.223513679856567	0.0180811914337537
"PHYHIP"	0.307206947288588	0.112055015952378
"PHYHIPL"	0.246404382558044	0.0822674829130226
"PIANP"	0.315151734884043	0.083371449448868
"PITPNM3"	0.248555297851575	0.00917514359222149
"PLCD4"	0.223791668942893	0.0587919797290372
"PLCH2"	0.256275107414914	0.00704850936767638
"PLP1"	0.314238498583175	0.0903126607935135
"PLPPR2"	0.265347588594222	0.0979265953217806
"PLPPR4"	0.318856925517763	0.0640264915183043
"PLXNA3"	0.223315082393315	-0.00889075722765264
"PLXNB3"	0.294276676153686	0.0401096741025423
"PNCK"	0.247589484156323	0.035495905143328
"PNMA8B"	0.33193416506382	0.0719000483729625
"PODXL2"	0.239242800307803	0.0285274160051275
"PPFIA2"	0.280928114749893	0.110368209165482
"PPFIA3"	0.254123998569303	0.0422577606093586
"PPFIA4"	0.295225167633607	0.0637199902952589
"PPP1R17"	0.203538337614482	0.0652721047606459
"PPP1R9A"	0.209189914318547	0.00496028225670862
"PPP2R2B"	0.283604864815139	0.0686871419060237
"PPP2R2C"	0.330837549652467	0.0109215642564986
"PRDM8"	0.241469464881391	0.0228987065497578
"PRKAR1B"	0.314992300667771	0.0751098022564598
"PRKCB"	0.284081769994996	0.0253362527600308
"PRKCG"	0.292602709184978	0.0668669646276848
"PRMT8"	0.29581055104983	0.0669135569498169
"PRR18"	0.215876371593823	0.0168436184973548
"PRR36"	0.253545973263659	0.0274182155774608
"PRRT1"	0.345136362399837	0.035799503549261
"PRRT2"	0.380503710329559	0.101946856091903
"PRRT3"	0.296217254099242	0.0919399683956546
"PSD2"	0.212648560156023	0.0698182754117516
"PTGDS"	0.45066925400701	0.200086510904657
"PTPN5"	0.282609465302567	0.0377556770037648
"PTPRN"	0.309800291311612	0.0367130245839546
"PTPRN2"	0.22849042776068	0.0273823163747872
"PTPRT"	0.268049217560739	0.0735637472169227
"PTPRZ1"	0.276311676154746	0.0560414809230462
"PVALB"	0.387837180357887	0.118414653376693
"RAB33A"	0.215004429712118	0.0335662204409659
"RAB3A"	0.238650737007198	0.0388487893020855
"RAB3C"	0.250495616887452	0.0450000910268153
"RALYL"	0.250128406479159	0.0891421273963583
"RASD2"	0.230179426648255	0.0470034896187237
"RASGRF1"	0.282264641061746	0.0184417145876638
"RBFOX1"	0.30041163066465	0.0878897458566132
"RBFOX3"	0.353552203985757	0.11515327589969
"REEP2"	0.213118673659319	0.0438293581067044
"RELL2"	0.250634906654794	0.0662885137716869
"RGS17"	0.236521380702974	0.0464985250974325
"RGS20"	0.213548555044212	0.051572305052179
"RGS7"	0.280331802638754	0.0677058131551391
"RGS7BP"	0.232995923849804	-0.0388207852607308
"RGS8"	0.261682974056132	0.0957457859156034
"RIMBP2"	0.236655865772472	-0.0372912744779749
"RIMS1"	0.318737760771314	0.0120189898497606
"RIMS2"	0.324591832496243	0.059694869918587
"RIMS3"	0.246292333860073	0.0666656410886013
"RNF112"	0.34590055958602	0.0326922696463717
"RNF182"	0.211191163020317	0.0570525011200166
"RPH3A"	0.432829399406117	0.13690282414945
"RPS6KL1"	0.243785498151711	0.0595178800639249
"RTN1"	0.359557437085587	0.0274268271897128
"RTN2"	0.251246512375784	0.0112512039457213
"RTN4R"	0.295121018674657	0.0820230469552849
"RUNDC3A"	0.265193420816707	0.10458808249993
"RYR2"	0.307708610548484	-0.00649107656484069
"S100B"	0.312782037642078	0.0862627639051865
"SACS"	0.202132003850289	0.0241808405565798
"SALL2"	0.249437056500167	0.0433435403977605
"SAMD14"	0.237289735683707	0.0426257511212436
"SCG2"	0.28291497766645	-0.0552917416651858
"SCG3"	0.34208749008839	0.0422468903942977
"SCG5"	0.337712326968064	0.0312533920956969
"SCN1A"	0.378680212435001	0.0787351354952304
"SCN2A"	0.365223665947969	0.0872944414711575
"SCN2B"	0.291019551442703	0.0376651521098331
"SCN3A"	0.232801139106033	-0.000599566978322749
"SCN4B"	0.242771855240839	0.0801070144410193
"SCN8A"	0.271747138632489	0.0931071774588606
"SCRG1"	0.222483533208397	0.0745450640479078
"SCRN1"	0.286722262688837	0.015312918509373
"SEPTIN3"	0.312309095956263	0.0549000188588771
"SEPTIN5"	0.309229387561599	0.012874712589675
"SEZ6"	0.351804366408644	0.103798110922651
"SEZ6L"	0.353585272412912	0.0976236721378699
"SEZ6L2"	0.366766375180432	0.0689180857194622
"SGIP1"	0.264050238484542	-0.0134142582463594
"SGTB"	0.221018789070303	0.0134533823892135
"SH3GL2"	0.229401580854881	-0.0473577847376769
"SH3GL3"	0.263466606226743	0.0600327804264389
"SHANK1"	0.29914031916227	0.111343766259644
"SHC3"	0.256706473977361	0.0598733353824641
"SHF"	0.222751480356105	0.0759553559136582
"SHISA4"	0.22464381062092	0.0449065714714924
"SHISA6"	0.222762410529528	0.0259560614171782
"SHISA8"	0.217876488816329	0.0418983461818413
"SLC12A5"	0.395293021467025	0.11684672883015
"SLC17A6"	0.315688869136289	0.102537019042673
"SLC17A7"	0.398007324842945	0.138684803539355
"SLC1A2"	0.241348156659641	0.234663188698657
"SLC1A3"	0.317052406036919	0.0620138301719829
"SLC1A6"	0.271689528710555	0.0832804062676842
"SLC22A17"	0.28960339940969	0.027671473912043
"SLC24A2"	0.276542258755524	0.0675030577024836
"SLC25A18"	0.324386998696205	0.107219948599885
"SLC29A4"	0.209508421876723	0.0399121372504691
"SLC2A3"	0.247237575721798	0.022510118655045
"SLC32A1"	0.384173455947164	0.12700939599589
"SLC39A12"	0.281567392426211	0.10112865020822
"SLC45A1"	0.229111608369835	0.0910013967838066
"SLC4A10"	0.339263425542142	0.106871935359762
"SLC6A1"	0.441164215559884	0.150503662293172
"SLC6A11"	0.205131160697373	0.0671434123344279
"SLC6A15"	0.300840814553444	0.0705738750366865
"SLC6A17"	0.378987153362357	0.105281878698308
"SLC7A14"	0.26348674502408	0.0604060249045459
"SLC8A2"	0.34686593938718	0.0849998448479147
"SLC8A3"	0.214168536049095	0.00952074051803881
"SLC9A5"	0.234295802507689	-0.0121693430807438
"SLCO1C1"	0.245594897659847	0.0773255624199529
"SLIT1"	0.267444012883255	0.100068045544643
"SLITRK1"	0.331990130344802	0.09607309533925
"SLITRK2"	0.254420590512562	0.0784894294353305
"SLITRK3"	0.271341503164721	0.039869601391425
"SLITRK5"	0.260615690696777	0.0656448323992011
"SLURP2"	0.27333903117228	0.0558228564547266
"SNAP25"	0.474576050410256	0.0992340572322595
"SNAP91"	0.252000702486626	0.114238691320503
"SNCA"	0.23867759727903	0.0379087818680464
"SNCB"	0.396233197853965	0.123705057355991
"SNPH"	0.261875347820235	0.0628139304265636
"SNURF"	0.249572012156398	0.0229368481560888
"SOGA3"	0.285540546037475	0.0426211399264007
"SORCS3"	0.220397966424447	0.042883380240333
"SOX10"	0.242505138716398	0.0406849220246736
"SOX2"	0.248425098282115	0.0052129711820077
"SOX8"	0.217123912424365	0.0527943431427498
"SPARCL1"	0.269421213443833	-0.0952898502179441
"SPHKAP"	0.289313436466114	0.149418641932981
"SPOCK1"	0.294848805197645	0.0972246104282768
"SPOCK2"	0.236581211661992	-0.0551907328095471
"SPOCK3"	0.314844261616934	0.0700366747058892
"SPRN"	0.203601093233244	0.0245249050885133
"SPTB"	0.268929073779279	0.00225811057690799
"SPTBN4"	0.356406780068792	0.0754824281405389
"SRGAP3"	0.27820754515012	0.0503932292766692
"SRPK3"	0.227907066098531	0.0446564039360031
"SRRM3"	0.281433465263213	0.0700979437841303
"SRRM4"	0.224590247215816	0.0633519890926675
"ST18"	0.248670087238206	-0.000505154716520279
"STAC2"	0.263612075299071	0.0865867114858184
"STK32C"	0.24907257983667	0.00944270447807326
"STMN2"	0.362094520531718	0.039690523283015
"STMN3"	0.38310428182171	0.0803455682671276
"STMN4"	0.363784530202754	0.056422540206366
"STRIP2"	0.2131486702232	0.0580405109753029
"STXBP1"	0.259590929325901	0.022489309143331
"STXBP5L"	0.261121590029508	0.0303498109969959
"SULT4A1"	0.344917461178418	0.0889832354073093
"SUSD4"	0.208111831051283	0.00140352886019394
"SV2A"	0.391915462612636	0.0902310848656879
"SV2B"	0.351280964082598	0.100304829077092
"SVOP"	0.257526204346336	0.0885166359299193
"SYBU"	0.206284278224377	-0.114330166298766
"SYN1"	0.373581033897061	0.0838910221652876
"SYN2"	0.336452114647063	0.0441679012336503
"SYNPR"	0.239718427838867	0.0694623000716007
"SYP"	0.306412814594986	0.0690305983393065
"SYT1"	0.357452203598413	0.0787102366713572
"SYT11"	0.296593703876023	0.0544695966727866
"SYT12"	0.20840355093004	0.0591914135188755
"SYT13"	0.343837110610458	0.0793025399957823
"SYT4"	0.335081886195127	0.0544559590158085
"SYT5"	0.259227375531228	-0.0173690205059856
"SYT6"	0.216305784332714	0.0580215931658383
"SYT7"	0.273789388009342	-0.0222483450559562
"TAGLN3"	0.412306956720519	0.092696999603779
"TCEAL3"	0.298154498809173	0.0667093575041655
"TCEAL5"	0.292376392311576	0.0775133399940464
"TCERG1L"	0.213820042218855	0.0393579252736917
"TDRKH"	0.217366506407234	0.0250697392119618
"TENM2"	0.292411609031072	0.0915930908946192
"THEGL"	0.210020350441392	0.0163039314935802
"THY1"	0.240981216043463	-0.00796513950823074
"TIAM1"	0.229998089693713	-0.0387950667179805
"TLCD3B"	0.287107803797149	0.0680703904668167
"TMCC2"	0.232036206048842	0.0381811258306448
"TMEFF1"	0.208998752534782	0.00920112484255761
"TMEFF2"	0.23767274181131	0.0248023781356958
"TMEM130"	0.317351933561553	0.0815931839025442
"TMEM132A"	0.225900616085879	0.0305174112295025
"TMEM145"	0.323227306526849	0.112287864422252
"TMEM151B"	0.337401997375885	0.0664140878755656
"TMEM179"	0.233860865453083	0.0592742563789039
"TMEM271"	0.216317680734664	0.0632657929843223
"TMEM35A"	0.244329708039129	0.034568163064022
"TMEM59L"	0.304715244423079	0.0390648336141567
"TMEM63C"	0.290800876671061	0.0745807360187368
"TMOD2"	0.231542917145709	0.0192331482856613
"TNR"	0.299098334169357	0.0572774392536196
"TPPP"	0.201876427797159	-0.0441373312844018
"TRHDE"	0.20812406957469	0.0792030443057963
"TRIM46"	0.243930404329159	0.0314405390772001
"TRIM9"	0.335664762959942	0.0723134267035473
"TRNP1"	0.225643441200476	0.0391738906124732
"TRPM3"	0.275050562897308	0.0801609596515131
"TSPOAP1"	0.285818265623219	0.00390040722335379
"TSPYL4"	0.309579084554678	0.0696579524924235
"TTBK1"	0.27477407987473	0.104482626639895
"TTLL7"	0.297607713675445	0.00953342737799355
"TTYH1"	0.301799524496583	0.0248623180310807
"TUB"	0.250704720057192	0.0436700819706862
"UBE2QL1"	0.251645601994566	0.0982516495827679
"UCHL1"	0.329841866630699	0.0507234583171387
"UNC13A"	0.305707077862712	0.0783168820108334
"UNC13C"	0.314904171049691	0.106516350291974
"UNC5D"	0.223255229232367	0.0690903381840555
"UNC79"	0.254575380296591	0.0786013023837662
"UNC80"	0.370774710901623	0.0859579092805993
"USP29"	0.291856547341332	0.145310934437996
"VAMP1"	0.206922552462501	0.0554975125666711
"VGF"	0.314037219590218	0.0744322174173834
"VSNL1"	0.388680462762105	0.0877333796801184
"VSTM2B"	0.228154812782099	0.0737016128616866
"VSTM2L"	0.265060242465971	0.0601534848366613
"VWA5A"	0.201648883651516	-0.0397841264472255
"VWA5B2"	0.223934655465492	0.000993835091089067
"WASF3"	0.225382352811879	0.0402697535338761
"WNK2"	0.273565780775527	-0.0420200473136095
"WSCD2"	0.213187363948198	0.00127023870819006
"ZCCHC18"	0.216435127077099	-0.0302892165518742
"ZDHHC22"	0.230977930794206	0.0835419296005563
"ZFYVE28"	0.278659463708147	0.0685128897926924
"ZIC1"	0.303622058331609	0.104796395920319
"ZIC2"	0.345106739696023	0.118678501189333
"ZIC5"	0.203473358268488	0.068404976019564
"ZNF365"	0.243649866288794	-0.017108057006293
"ZNF483"	0.280718364918117	0.0775017436197254
"ZNF536"	0.244692123580559	0.0194908291426172
"ZNF804A"	0.220504698890343	0.0503149549382573
"A1BG"	-0.20896710431548	0.255556419087149
"AADAC"	-0.30089567535251	0.0196453837487993
"AADAT"	-0.221496025178416	0.312748698614554
"ABCB11"	-0.258856138450998	0.398537303993869
"ABCC2"	-0.2896901938265	0.119683892068684
"ABCG5"	-0.249539521305547	-0.0159018413215301
"ABCG8"	-0.297344264166286	0.0231137331749115
"ABHD14B"	-0.202978086986031	0.0507263030542829
"ACAD11"	-0.210109597047239	0.0576788100155361
"ACMSD"	-0.230232860358534	0.187955147248832
"ACOT12"	-0.316081424416325	0.0986777830917086
"ACOX2"	-0.333896450728444	0.232419319616774
"ACSM1"	-0.280260938434129	0.230889218745046
"ADH4"	-0.30379125918368	0.108193844708527
"ADH6"	-0.282630926323921	0.358354686305258
"ADTRP"	-0.267157274805345	0.0701983730230378
"AFMID"	-0.237345112501077	0.202316586976935
"AGMAT"	-0.277990599240897	0.136658857439692
"AGMO"	-0.221582009929917	0.0887032126887406
"AGXT"	-0.297469566008716	0.39157728353367
"AGXT2"	-0.294833539876256	0.295846954651501
"AHSG"	-0.344019321428806	0.471526910524945
"AKR1B10"	-0.320045226289462	0.365982198820433
"AKR1D1"	-0.284304218343796	0.367199018795385
"AKR7A3"	-0.226404736268251	-0.0261343598987187
"ALB"	-0.343031492085713	0.460358651024476
"ALDH1B1"	-0.207616635545152	-0.0103078639283565
"ALDH8A1"	-0.265367047080426	0.199446367913921
"ALDOB"	-0.382667805482837	0.0784250523587794
"AMBP"	-0.350425713455395	0.478669990999792
"AMDHD1"	-0.258770798534741	0.335083930717056
"ANG"	-0.251438025595579	0.22542707790889
"ANGPTL3"	-0.340648726238828	0.431953520348195
"ANKS4B"	-0.29483432355793	0.0136741851171928
"ANPEP"	-0.238631362692085	-0.123405055265202
"APCS"	-0.261042213612785	0.350298921506456
"APOA2"	-0.360779756227865	0.41922343924918
"APOA4"	-0.290560680279201	-0.175286431921803
"APOA5"	-0.309478469684816	0.414299030934311
"APOB"	-0.345286998933295	0.0509778265600728
"APOC1"	-0.217419703481993	0.244145505509189
"APOC2"	-0.350664975632483	0.06752404595224
"APOC3"	-0.359052007850918	0.0787831803401664
"APOH"	-0.332033324661088	0.369108483183723
"APOM"	-0.216967879117655	0.143983635501369
"AQP8"	-0.205613484221453	0.235545645451147
"ASGR1"	-0.203174339304802	0.309867844774689
"ASGR2"	-0.261757928273472	0.287829021520426
"ASPDH"	-0.228204926031233	0.253154337638261
"AZGP1"	-0.222314263959554	0.225409774268608
"BCO1"	-0.2337895141565	0.146963354635634
"BHMT"	-0.310632905961716	0.384231526657719
"BHMT2"	-0.239703848919657	0.296583285887404
"BTNL2"	-0.226460503294047	-0.126961265010471
"C4BPA"	-0.242696930374756	0.210251746641591
"C5"	-0.235529102557599	0.20354809598806
"C8A"	-0.297760030219936	0.410347696029965
"C8G"	-0.220007534346849	0.274418544652219
"C9"	-0.291349583399106	0.345134833466047
"CA3"	-0.212334880390545	0.271617763407597
"CA5A"	-0.22656077031011	0.290395147960428
"CCL16"	-0.334477541617549	0.0627936053482117
"CD1D"	-0.217241136519184	0.110611341627148
"CD36"	-0.206020881696345	-0.0993205310890617
"CDA"	-0.242054127453357	0.0996929489359274
"CDH1"	-0.2275836477731	-0.120470263529892
"CDHR5"	-0.204540596875464	-0.268563061290662
"CEACAM1"	-0.237812855446214	0.235604468015409
"CFI"	-0.242195493377727	0.266259997345417
"CGAS"	-0.20353115406704	0.170104993393628
"CIDEC"	-0.237486200161799	0.0328280454304877
"CLDN15"	-0.211037967866698	-0.141914929581741
"CLDN2"	-0.293717817059919	0.109666564533846
"CLDN3"	-0.22086102647884	-0.163830895607746
"COL18A1"	-0.213458847091102	0.188627795314101
"CP"	-0.310479635125918	0.304608917126479
"CPB2"	-0.265286857438217	0.326574308991819
"CPN1"	-0.281723844987721	0.375770462250423
"CPS1"	-0.376599827988237	0.206545271035848
"CREB3L3"	-0.272288117463436	0.0418887828362563
"CRP"	-0.260691702023265	0.287296979529416
"CTH"	-0.235833191501073	0.292465917725231
"CTSC"	-0.219251553854178	0.0359430495574938
"CYP1A1"	-0.23779247681098	0.0169750579753979
"CYP1A2"	-0.314172034432871	0.419316939666569
"CYP2E1"	-0.280659950731873	0.201486525380106
"CYP4B1"	-0.239506001832039	-0.118154341506099
"CYP7A1"	-0.218206657293162	0.276589113121696
"CYP8B1"	-0.226853671614364	0.340224924032529
"DHRS4"	-0.228794636592795	0.0470687336854552
"DIO1"	-0.218960789681111	0.229793765594352
"DMGDH"	-0.245208605742248	0.320843426319834
"DNAJC22"	-0.281561205012902	0.0819207124546877
"DNASE1L3"	-0.232789051737336	0.101526805092351
"DPP4"	-0.219419698549821	-0.07678847492059
"DPYS"	-0.286116314478227	0.326707147034708
"DSP"	-0.212931294107068	-0.0968814341457214
"ENPEP"	-0.214584521531578	-0.136588358944541
"ENTPD8"	-0.290406874861403	0.0804570011321523
"EPHX2"	-0.201584423121967	-0.000297563097984681
"ESRP2"	-0.216373469364923	0.021682452330142
"F10"	-0.277244540317861	0.396077092422787
"F11"	-0.235748659544338	0.285802048318991
"F12"	-0.268778882469958	0.376374361455041
"F13B"	-0.306145591606892	0.31176918740403
"F2"	-0.243118580673279	0.347890659492421
"F5"	-0.208756904489756	0.200136394226469
"F9"	-0.285443146699313	0.381894978476886
"FABP1"	-0.34734961264053	0.0797396783789543
"FAM3B"	-0.207153298386258	-0.208710274361973
"FBP1"	-0.342605136701429	0.0687432600894225
"FETUB"	-0.275036806567901	0.212118443657442
"FGA"	-0.361921860173447	0.465611768090938
"FGB"	-0.359027308867069	0.468367110629597
"FGFR4"	-0.231524735543824	0.113087569559711
"FGG"	-0.302245997992085	0.390199628155973
"FGL1"	-0.285663633467845	0.345096545387534
"FMO1"	-0.229429865930029	0.0871223388457587
"FMO3"	-0.235569404277073	0.203695587155946
"FMO4"	-0.215350711016204	-0.00283261747423369
"FMO5"	-0.262975204179291	0.0709069105406282
"FTCD"	-0.301634394768631	0.369192608684368
"GATA4"	-0.221950907885185	-0.0163483689934469
"GC"	-0.370204863362244	0.306243508115046
"GCH1"	-0.210582594175848	0.10056110709223
"GIMD1"	-0.208468048328029	0.0109977418668984
"GLOD5"	-0.219903452102476	-0.142879047252219
"GLYAT"	-0.320381370809255	0.345009816464716
"GLYCTK"	-0.218272299984132	0.104208410689069
"GOLT1A"	-0.255191260099506	-0.013857663953038
"GSTA1"	-0.315520057923847	0.0432590205186225
"GSTA3"	-0.247728033323882	0.0489268531237581
"GUCA2B"	-0.227374734840264	-0.256951312343603
"HAAO"	-0.299934185318888	0.313878659709938
"HABP2"	-0.300522149404051	0.297249011066382
"HAL"	-0.262778012526537	0.305287886976994
"HAMP"	-0.300167244211147	0.417420158032992
"HAO1"	-0.290557902426112	0.398482324611341
"HAO2"	-0.308557272743151	0.148643219076184
"HGD"	-0.311717044726203	0.303163996030126
"HGFAC"	-0.278496333844827	0.306406574917098
"HMGCS2"	-0.223120206921761	0.106968460288709
"HNF1A"	-0.252662012744256	0.0759217391485342
"HNF1B"	-0.240774001039537	0.072185904183189
"HNF4A"	-0.356157217215394	0.114497673036707
"HNF4G"	-0.252350630482082	-0.139252839318595
"HOGA1"	-0.246610465765412	0.139955439512386
"HP"	-0.275516846962944	0.203519769246475
"HPD"	-0.339935218454604	0.388222195432433
"HPN"	-0.203517779844151	0.22855594200928
"HPX"	-0.284402898894414	0.399252587425276
"HRG"	-0.335772280081712	0.449867722731321
"HSD11B1"	-0.210283424113864	0.197865162296374
"HSD17B13"	-0.261855417192364	0.165350328714724
"HSD17B2"	-0.31443315609175	0.203641437034255
"HSD17B6"	-0.295532748124218	0.111450517440019
"HSD3B1"	-0.309250072123453	0.334366165949025
"IDO2"	-0.258078147272246	0.274505067192626
"IGFBP1"	-0.228357901237807	0.326605402621089
"IGSF5"	-0.204797151116302	-0.0819713441711086
"IHH"	-0.243627614106794	-0.0450224349683497
"INMT"	-0.213654890142854	0.129437301693006
"IRF6"	-0.212573966172536	0.0130732210918416
"ITIH1"	-0.306107863967012	0.424235209190449
"ITIH2"	-0.276683331996934	0.439681192302309
"ITIH4"	-0.330886173079078	0.401517487434453
"IYD"	-0.280836563844943	0.0105843134409919
"KMO"	-0.269804901058153	0.246934890910369
"KRT18"	-0.220948044102183	-0.00500408124713049
"KRT8"	-0.254915851446519	-0.139690162497059
"KYNU"	-0.210982117982138	0.218817113397855
"LEAP2"	-0.24284906841327	0.0391537879284237
"LGALS2"	-0.210206671713626	-0.292101841917871
"LIPC"	-0.258310345487484	0.35657336719954
"MAOB"	-0.213028152317398	0.00525998282031028
"MAT1A"	-0.343460548910905	0.403197708434563
"MBL2"	-0.25452148494949	0.332251484330577
"MEP1B"	-0.207546746572168	-0.276460262306103
"MGAM"	-0.24255260111505	-0.147411581666846
"MOGAT3"	-0.202583974308733	0.0131204208686957
"MTARC1"	-0.28228014787714	0.291048870537721
"MTTP"	-0.346277884877338	0.0150431881527386
"NAGS"	-0.230118313696098	0.0626413493155605
"NLRP6"	-0.248756048434792	-0.139568774093335
"NR0B2"	-0.231912126349961	0.146309671523838
"NR1H4"	-0.292426366480405	0.094524424482001
"NR1I2"	-0.319590421781274	0.061863263367065
"NR5A2"	-0.208981250047055	0.0217453678741405
"ORM1"	-0.21907714672636	0.270567307351387
"OSGIN1"	-0.262805797970605	0.0472540075532141
"OTC"	-0.259062495547577	0.100688824304754
"PAH"	-0.334271538628893	0.363091961379366
"PBLD"	-0.275100801404121	0.0561161117514055
"PCBD1"	-0.20304564847466	0.0878150372145935
"PCK1"	-0.324535430430052	0.0776527684778372
"PCSK9"	-0.250419638220137	0.192018242624493
"PDIA5"	-0.202654582895461	0.0830714525858773
"PDZK1"	-0.252140744816442	0.0122492806990557
"PERP"	-0.231113015471754	-0.0513500920875182
"PFKFB1"	-0.204471965911087	0.169190712112318
"PGLYRP2"	-0.276481849558872	0.30632092387965
"PIGR"	-0.341212443640604	-0.0223245879709019
"PIPOX"	-0.266526226199404	0.0969867507864525
"PKLR"	-0.299278081044831	-0.0566681355853351
"PLA2G12B"	-0.265120182369589	-0.030372314551799
"PLEKHG6"	-0.202435077561054	-0.059840409058926
"PLG"	-0.347701156809293	0.372931135793072
"PLSCR1"	-0.218015412043851	-0.0878260971489986
"PON1"	-0.316108448464729	0.395149647982966
"PON3"	-0.252796256645065	0.0139632955027684
"PRLR"	-0.288974522856893	0.0962064681135601
"PROC"	-0.260246826916562	0.322405049275892
"PRODH2"	-0.276240701872085	0.272674919652818
"PROZ"	-0.238105689720368	0.316728652545098
"PZP"	-0.301272366099436	0.320172282213618
"QPRT"	-0.257095884976743	0.2320740255382
"RBM47"	-0.225581121768814	-0.0347201066504969
"RBP2"	-0.211319091604839	-0.301035562669531
"RBP4"	-0.237014302103446	0.270461985067396
"RDH16"	-0.323551378908717	0.0460487808603322
"RGN"	-0.261351186163737	0.178841242013948
"RTP3"	-0.21912050505969	0.198898819327538
"SAA4"	-0.220159850021524	0.316694469032759
"SDS"	-0.22264166552202	0.303741322030733
"SEC16B"	-0.227680930578526	0.0574815772459635
"SERPINA11"	-0.259444712616065	0.318536591444484
"SERPINA4"	-0.329251585386007	0.40767405579482
"SERPINA6"	-0.328232754555179	0.274861107145065
"SERPINC1"	-0.352057952009378	0.461086790321482
"SERPIND1"	-0.254104326395951	0.384511406618616
"SERPINF2"	-0.276464217350903	0.240594123295979
"SH2D4A"	-0.226577338209619	-0.0641756626409
"SHMT1"	-0.296926653902319	0.147519364730173
"SLC15A1"	-0.208128360327442	-0.235177670305064
"SLC17A1"	-0.285547683545651	0.300170779656769
"SLC17A2"	-0.255324597710005	0.139823816402801
"SLC17A4"	-0.304651361069284	0.0492090599361951
"SLC18A1"	-0.230328895798761	0.0103655924695593
"SLC22A1"	-0.335786914594589	0.376512982890405
"SLC22A18"	-0.310306436244704	0.0302781602967815
"SLC22A2"	-0.206004504883271	0.140239242389023
"SLC23A1"	-0.219569635018151	-0.0141597437792707
"SLC27A2"	-0.305311433996231	0.152585000481729
"SLC2A2"	-0.342199159562614	0.123574804277044
"SLC2A9"	-0.233140773569296	0.0521387034482897
"SLC38A4"	-0.252498906708306	0.214138705620874
"SLC39A5"	-0.240221516379016	0.0334955960335076
"SLC5A1"	-0.206150801946597	-0.267913373169849
"SLC5A4"	-0.208942981249759	-0.18646309395217
"SLC6A19"	-0.215147645279475	-0.240867644025901
"SMLR1"	-0.212081974825059	0.0880671360041763
"SOAT2"	-0.298220218201042	-0.00883546873713003
"SPP2"	-0.237027056294004	0.339034530323114
"SRD5A2"	-0.252044212295886	0.268716607529822
"SULT1B1"	-0.314350277815122	0.0697821567572741
"SULT2A1"	-0.379465259757556	0.178783549582332
"SUN3"	-0.230670744256847	0.186629140244563
"TAT"	-0.32226211437974	0.421232371219758
"TCEA3"	-0.22550532643653	0.0650590984823055
"TDO2"	-0.286528872782939	0.397981377668866
"TLCD2"	-0.208080355866528	0.0462529389880611
"TM4SF4"	-0.323995727839107	-0.063667384353752
"TMEM30B"	-0.207887333356346	-0.0890225107552859
"TMEM79"	-0.210155092514238	0.00826621339522349
"TMEM82"	-0.218216912758709	-0.017294488774633
"TMPRSS6"	-0.213778641529108	0.280911339500206
"TTC36"	-0.277983012784907	0.312726076494469
"TTPA"	-0.229545241471172	0.351712341544461
"UGT1A9"	-0.317201478772839	0.0369435827381029
"UGT2A3"	-0.2580448955274	0.129028623613917
"UGT2B17"	-0.319966017771441	0.190809759680376
"UGT2B7"	-0.273942223128307	0.28720054727273
"UGT3A2"	-0.320620891917124	0.300608654522724
"ULBP1"	-0.209123539583105	0.143430344837008
"UPB1"	-0.279273228454132	0.285454791806909
"URAD"	-0.246073704666175	0.180985547637181
"UROC1"	-0.249944642039558	0.380194085196834
"VIL1"	-0.20855148195731	-0.301635649031294
"XKR9"	-0.202061889789327	0.045055612002679
"ABCB4"	-0.0908684669800749	0.263040014567343
"ACSM5"	-0.123574035354608	0.348114728913702
"ADORA1"	0.135531401313485	0.252020994896573
"AGT"	0.0170249399581558	0.235080069732008
"AK4"	-0.0521524185536328	0.244350052034498
"AQP9"	-0.108304916411711	0.343327672245242
"ASL"	-0.140561679159866	0.240126809809789
"ASPG"	-0.170358920640298	0.25170044072534
"ASS1"	-0.168771046480795	0.285002039150869
"C4BPB"	-0.201312933413258	0.225497014237542
"CBS"	-0.0484866147005794	0.253513963562923
"CDH2"	0.0699131193261008	0.249109416558954
"CLCN4"	0.0603884936866561	0.237980496093616
"CYP26A1"	-0.182859068128839	0.239464959962617
"DHTKD1"	-0.113388057165412	0.242407676642287
"ELOVL2"	-0.111741977430018	0.354187577411227
"ETNK2"	-0.125238041657407	0.249597532975945
"ETNPPL"	-0.0174366451855459	0.351431985914945
"F7"	-0.184993814662332	0.311777133128707
"FABP7"	-0.191734449488398	0.312884123330223
"FADS6"	-0.0891516777146215	0.25376842212767
"FAH"	-0.171943656783941	0.227009304459479
"GCGR"	-0.196833793043503	0.228938917999911
"GJB1"	-0.183926266817407	0.289191802378288
"GLDC"	-0.144505917418247	0.251869709406163
"GNMT"	-0.176575319880021	0.237679552540689
"GPLD1"	-0.0547715953354549	0.287557104882623
"HJV"	-0.201245605906031	0.262822188964158
"IGF1"	-0.184710477552503	0.234775037668806
"IGFALS"	-0.194508547783985	0.269030433152862
"INHBC"	-0.197952077797685	0.274194016305804
"INHBE"	-0.121863728050902	0.224404405093857
"KCNN2"	0.0184159162668017	0.278145826256111
"LCAT"	-0.101743226882787	0.305568685968026
"MMD2"	0.152724947470779	0.240345842569475
"OGDHL"	0.124125129839636	0.278624781461447
"ONECUT1"	-0.118930810026735	0.242846435972328
"PCDHGB1"	-0.185401618584243	0.249180724239783
"PCSK6"	-0.0649209199799106	0.223209097409764
"PEMT"	-0.162407392757234	0.258765123057168
"PNPLA3"	-0.0577321589638535	0.230768572476315
"PPP1R3G"	-0.051257603297425	0.239732867573343
"SALL1"	-0.0916340704299552	0.272477387350942
"SARDH"	-0.200092682806646	0.291608754143133
"SERPINA7"	-0.169781612677129	0.245630942903828
"SLC10A1"	-0.195700274895049	0.322755061016203
"SLC13A4"	0.0251969827838904	0.235979889699865
"SLC25A47"	-0.184170546809647	0.266520566151474
"SLC26A1"	-0.195442729087411	0.260946308099863
"SLC27A5"	-0.20068374482908	0.329816500753951
"SLC38A3"	-0.105610233819865	0.356736152799001
"SLC47A1"	-0.11752096858205	0.229254159912417
"SLC6A13"	-0.123296955929461	0.2775739079313
"SLC7A2"	-0.0364151078871674	0.229064741111876
"SPTBN2"	0.0828804776794617	0.225647387071316
"SRCIN1"	0.185746739085857	0.226953481005137
"TF"	-0.0513074042882092	0.248090913065478
"THRSP"	-0.170298449759475	0.371996665283998
"THSD7B"	-0.155488946221867	0.268007127315682
"TMEM25"	0.0376255547793451	0.232700967218085
"TTR"	-0.155798530701637	0.371356881586366
"UNC93A"	-0.179079947820106	0.228331351525375
"UPP2"	-0.172014677458908	0.236061286917509
"VTN"	-0.15046722762714	0.279310850587982
"A3GALT2"	-0.124822099565974	-0.244670291596443
"ACE2"	-0.147287878244367	-0.242303647083579
"ADAMDEC1"	-0.139976310506348	-0.324363910070529
"ADGRG7"	-0.111774428754117	-0.251346383754709
"AGR2"	-0.137050489655981	-0.353403689217311
"ALPI"	-0.0852192755421381	-0.319752326959958
"ANXA13"	-0.19750709649201	-0.335032178861958
"ANXA8L1"	-0.0395153308585396	-0.234624263078028
"AOC1"	-0.170291988620439	-0.375665980669988
"AP1M2"	-0.105291482515457	-0.26343037375492
"APOL3"	-0.118975364207764	-0.227258084383965
"AQP7"	-0.1529966822434	-0.249659243377417
"ARG2"	-0.0541508482250302	-0.232744853539879
"ASAH2"	-0.033843589069387	-0.225798326333181
"ATP10B"	-0.056100055795056	-0.234353109100862
"B3GNT3"	-0.140032071542289	-0.30036874506421
"BEST4"	-0.0978664509096365	-0.223576627863728
"BTN3A3"	-0.133285778122798	-0.286972509717093
"CA9"	-0.105397031825684	-0.255705649968758
"CASZ1"	-0.0796273346881535	-0.267998474743725
"CCL24"	-0.15315075541998	-0.25293954158538
"CCL28"	-0.0612462462797848	-0.2246818532846
"CCNB2"	-0.0562742573210045	-0.24794776362429
"CDH17"	-0.167882596670824	-0.382987988356251
"CDHR2"	-0.0815068298532912	-0.236364215771649
"CDX2"	-0.123984166291935	-0.257752064107974
"CLCA1"	-0.170871912751283	-0.400957126966925
"CLDN7"	-0.199841474841734	-0.286473005550182
"CLIC5"	-0.00401404572041867	-0.287513583278232
"CLRN3"	-0.190113820145814	-0.228854656364382
"CNKSR1"	-0.116544738426386	-0.256100057245395
"CNN1"	-0.0808222751138184	-0.27309692756663
"CRIP1"	-0.112526235546667	-0.270584448082003
"CYTIP"	-0.114673497940514	-0.24113378273356
"DES"	-0.0409927943770054	-0.244595304172687
"DMBT1"	-0.169513121488595	-0.289215671111204
"DPEP1"	-0.194752908060412	-0.270324596860255
"DPT"	-0.0835387358629338	-0.300220429087571
"ENPP7"	-0.151119023119504	-0.344473986252386
"EPCAM"	-0.198556648282799	-0.264522947856933
"EPS8L3"	-0.158720986380162	-0.355396049012196
"ERN2"	-0.107279045074667	-0.227014461106585
"ESRP1"	-0.132822807185468	-0.278781222669362
"F2RL1"	-0.121266419786502	-0.252936472914973
"FABP2"	-0.179114474169594	-0.394937634304034
"FABP6"	-0.129637845164114	-0.245974228908338
"FAM3D"	-0.144612655123297	-0.303892684016846
"FAM83E"	-0.0914833655616315	-0.234768323630395
"FCGBP"	-0.0714472564661359	-0.245152289506209
"GAL3ST2"	-0.14879098390215	-0.322625486977056
"GATA5"	-0.127436030915817	-0.290477221603534
"GCG"	-0.125298674580437	-0.262756293418388
"GCNT3"	-0.0922466623927841	-0.229952144635312
"GGT6"	-0.106050727169958	-0.241291162324674
"GIPC2"	-0.107890347096407	-0.242923516912335
"GPA33"	-0.0572306452758523	-0.291035591853838
"GPRC5A"	-0.0539977656357106	-0.307961778351018
"GUCA2A"	-0.171007688675338	-0.290466621105284
"GUCY2C"	-0.11673180205425	-0.332290227661153
"HHLA2"	-0.117801685087136	-0.244156072785701
"HKDC1"	-0.119744713033543	-0.233793109031431
"HPGD"	-0.140959614512664	-0.263063164360193
"IGF2BP2"	-0.0540189291627123	-0.227622287438145
"IGKC"	-0.166531640668347	-0.278681075521707
"IGKV1D-39"	-0.109089827605521	-0.237200723058775
"IGKV1D-43"	-0.117742809069989	-0.248697801542504
"IGKV4-1"	-0.114854907858953	-0.246941644111422
"IGLV4-69"	-0.141439825442629	-0.282227288735609
"IGSF9"	-0.0271873260526918	-0.230743619832538
"IL22RA1"	-0.112739755914778	-0.225396257083437
"INAVA"	-0.0793643961557101	-0.231780016250268
"ISX"	-0.125004614143632	-0.273040530299046
"JCHAIN"	-0.152093127131617	-0.318163646439299
"KLF4"	-0.0863488244353876	-0.225955206763045
"KLF5"	-0.0616082033261402	-0.282070286052414
"KRT19"	-0.162486114108892	-0.363011144433851
"KRT20"	-0.179054730987422	-0.356474488289167
"LAD1"	-0.160454772512596	-0.277537583419895
"LAMP3"	0.0194910523765771	-0.228008240712234
"LCT"	-0.12512955342425	-0.326160402992892
"LGALS4"	-0.15079548184305	-0.31958206091452
"LIPH"	-0.115067944633747	-0.260954919334438
"LPO"	-0.0287999478592159	-0.266694201548925
"MALL"	-0.110426527150497	-0.305816462963587
"MEP1A"	-0.187020398887984	-0.246349734874615
"MISP"	-0.123606177569666	-0.297951737535515
"MKI67"	-0.0820115039273766	-0.226132926271445
"MMP7"	-0.101729209341541	-0.223745484171622
"MS4A10"	-0.120801766215795	-0.29397075740592
"MS4A12"	-0.12283595437397	-0.26562438716599
"MS4A18"	-0.13050039354166	-0.254843360854804
"MS4A8"	-0.158095792912304	-0.338904178578748
"MST1R"	-0.0999203043553777	-0.24355338047842
"MUC2"	-0.118080332377053	-0.295633030345396
"MYB"	-0.0310201709645132	-0.25540311066793
"MYO3B"	-0.14398605962667	-0.228317387523178
"MYO7B"	-0.178327912266922	-0.245418775204487
"MYRFL"	-0.0541182608606402	-0.241954011404934
"MYZAP"	-0.0736961551823865	-0.252440486474768
"NAALADL1"	-0.119126355176261	-0.239634527827463
"NEURL3"	-0.133076914490172	-0.242579510324437
"NPC1L1"	-0.153971285251033	-0.357554276970821
"OLFM4"	-0.158354779965705	-0.349228434037244
"OSR2"	-0.133567382703136	-0.258580967961384
"PLAC8"	-0.19918320159191	-0.237144677902884
"PLB1"	-0.118235881466565	-0.276895070948152
"PMP22"	0.00892083431111486	-0.22758594041282
"PNLIPRP2"	-0.140452283357504	-0.282502106011899
"POF1B"	-0.111925590813228	-0.234297454118631
"PPP1R14D"	-0.111706318415666	-0.339131633707571
"PRAP1"	-0.170814965001552	-0.263569599206068
"PRR15"	-0.137374582059428	-0.259999120277569
"PRSS27"	-0.131573392520291	-0.227763373737274
"PTK6"	-0.0732895539862106	-0.249667736794401
"PTPRH"	-0.0972455711287608	-0.281068054922881
"PYCARD"	-0.113446380087111	-0.234215702127774
"RASEF"	-0.0584642106618405	-0.254070067350882
"REG4"	-0.120533716527239	-0.295265051412752
"ROS1"	-0.0601003351195765	-0.264656939597979
"SCGB1A1"	0.0395351563411431	-0.334105480072174
"SCIN"	-0.131912315401601	-0.259932010323327
"SDCBP2"	-0.0939139335896998	-0.263370675079132
"SEC14L3"	0.0228728467937287	-0.250037361953564
"SEMA3B"	-0.045815241481285	-0.243640042457585
"SFTPB"	0.0322464541045216	-0.307190550834211
"SFTPC"	0.129756987796338	-0.285447359226779
"SFTPD"	-0.0518670726571234	-0.291400215434652
"SI"	-0.15970767827295	-0.313043203985679
"SLC26A3"	-0.107336935904867	-0.290492014463112
"SLC44A4"	-0.150373755321561	-0.233422420605313
"SLC6A14"	-0.0394895694889749	-0.283256035884058
"SPINT1"	-0.129071792483246	-0.271972727145115
"ST14"	-0.100836198180063	-0.254296683335924
"STYK1"	-0.0641927753228384	-0.245007798101877
"TFF3"	-0.181598135494134	-0.386755939315923
"TM4SF20"	-0.16456962826332	-0.311531865237831
"TM4SF5"	-0.177407242291258	-0.278499802049673
"TMC4"	-0.136659779273523	-0.260395731481268
"TMEM150B"	-0.0745457211326122	-0.261446123046734
"TMEM236"	-0.127737614942996	-0.260535344550606
"TMEM45B"	-0.171175179789133	-0.291946752965272
"TMIGD1"	-0.158670790816754	-0.239861003611316
"TMPRSS15"	-0.110847077207734	-0.23340597477382
"TNK1"	-0.114338160569905	-0.242341883562956
"TREH"	-0.122680977837669	-0.286414545077033
"TRIM31"	-0.162818579384365	-0.316311515335843
"TRIM38"	-0.10675267544572	-0.265250005229753
"TSPAN8"	-0.149651615411068	-0.293816814852718
"TTC22"	-0.0997530592810312	-0.281054230592004
"TUBAL3"	-0.13564594228725	-0.273430356637803
"ZG16"	-0.161721520266117	-0.386154460653028
