"experiment_date","mouse_ID","rep","cage_ID","sex","body_temp_0","body_temp_1","body_temp_2","body_temp_3","weight0","weight1","weight2","weight3","delta_weight_1","delta_weight_2","delta_weight_3","total_weight_delta","H2O","Hct","Hb*","Na","K","Cl","TCO2","BUN","Crea","Glu","iCa","AnGap","Animal_ID","mean_VO2","mean_VCO2","mean_RQ","mean_H2Og","total_H2Og","mean_EE","filename","sample","tissue","trt","pro_weight"
"26-July-21",1170,1,0,"F",36.5,36,36.5,36.3,24.171,24.245,24.698,24.625,0.0740000000000016,0.452999999999999,-0.0730000000000004,0.454000000000001,"yes",NA,NA,NA,NA,NA,NA,NA,NA,NA,NA,NA,"1170",0.285379688888889,0.301387044444444,1.07842456164299,0.249088493333333,32.373545448,0.366265138900147,"1170_F_gi_yes_S132_ME_L001_R.gene.counts","1170_F_gi_yes","gi","yes",0.0187828389392247
"26-July-21",1170,1,0,"F",36.5,36,36.5,36.3,24.171,24.245,24.698,24.625,0.0740000000000016,0.452999999999999,-0.0730000000000004,0.454000000000001,"yes",NA,NA,NA,NA,NA,NA,NA,NA,NA,NA,NA,"1170",0.285379688888889,0.301387044444444,1.07842456164299,0.249088493333333,32.373545448,0.366265138900147,"1170_F_hyp_yes_S133_ME_L001_R.gene.counts","1170_F_hyp_yes","hyp","yes",0.0187828389392247
"26-July-21",1170,1,0,"F",36.5,36,36.5,36.3,24.171,24.245,24.698,24.625,0.0740000000000016,0.452999999999999,-0.0730000000000004,0.454000000000001,"yes",NA,NA,NA,NA,NA,NA,NA,NA,NA,NA,NA,"1170",0.285379688888889,0.301387044444444,1.07842456164299,0.249088493333333,32.373545448,0.366265138900147,"1170_F_kid_yes_S134_ME_L001_R.gene.counts","1170_F_kid_yes","kid","yes",0.0187828389392247
"26-July-21",1170,1,0,"F",36.5,36,36.5,36.3,24.171,24.245,24.698,24.625,0.0740000000000016,0.452999999999999,-0.0730000000000004,0.454000000000001,"yes",NA,NA,NA,NA,NA,NA,NA,NA,NA,NA,NA,"1170",0.285379688888889,0.301387044444444,1.07842456164299,0.249088493333333,32.373545448,0.366265138900147,"1170_F_liv_yes_S135_ME_L001_R.gene.counts","1170_F_liv_yes","liv","yes",0.0187828389392247
"26-July-21",1170,1,0,"F",36.5,36,36.5,36.3,24.171,24.245,24.698,24.625,0.0740000000000016,0.452999999999999,-0.0730000000000004,0.454000000000001,"yes",NA,NA,NA,NA,NA,NA,NA,NA,NA,NA,NA,"1170",0.285379688888889,0.301387044444444,1.07842456164299,0.249088493333333,32.373545448,0.366265138900147,"1170_F_lu_yes_S136_ME_L001_R.gene.counts","1170_F_lu_yes","lu","yes",0.0187828389392247
"26-July-21",1165,1,1,"F",37.3,36.2,36.1,37,20.189,20.245,20.556,20.503,0.0560000000000009,0.311,-0.0530000000000008,0.314,"yes",28,9.5,143,7.3,119,14,29,0.2,84,1.26,18,"1165",0.423117411111111,0.404116088888889,0.964986705239026,0.270598553333333,27.20675571612,0.531168793273692,"1165_F_gi_yes_S117_ME_L001_R.gene.counts","1165_F_gi_yes","gi","yes",0.015553023923919
"26-July-21",1165,1,1,"F",37.3,36.2,36.1,37,20.189,20.245,20.556,20.503,0.0560000000000009,0.311,-0.0530000000000008,0.314,"yes",28,9.5,143,7.3,119,14,29,0.2,84,1.26,18,"1165",0.423117411111111,0.404116088888889,0.964986705239026,0.270598553333333,27.20675571612,0.531168793273692,"1165_F_hyp_yes_S118_ME_L001_R.gene.counts","1165_F_hyp_yes","hyp","yes",0.015553023923919
"26-July-21",1165,1,1,"F",37.3,36.2,36.1,37,20.189,20.245,20.556,20.503,0.0560000000000009,0.311,-0.0530000000000008,0.314,"yes",28,9.5,143,7.3,119,14,29,0.2,84,1.26,18,"1165",0.423117411111111,0.404116088888889,0.964986705239026,0.270598553333333,27.20675571612,0.531168793273692,"1165_F_kid_yes_S119_ME_L001_R.gene.counts","1165_F_kid_yes","kid","yes",0.015553023923919
"26-July-21",1165,1,1,"F",37.3,36.2,36.1,37,20.189,20.245,20.556,20.503,0.0560000000000009,0.311,-0.0530000000000008,0.314,"yes",28,9.5,143,7.3,119,14,29,0.2,84,1.26,18,"1165",0.423117411111111,0.404116088888889,0.964986705239026,0.270598553333333,27.20675571612,0.531168793273692,"1165_F_liv_yes_S120_ME_L001_R.gene.counts","1165_F_liv_yes","liv","yes",0.015553023923919
"26-July-21",1165,1,1,"F",37.3,36.2,36.1,37,20.189,20.245,20.556,20.503,0.0560000000000009,0.311,-0.0530000000000008,0.314,"yes",28,9.5,143,7.3,119,14,29,0.2,84,1.26,18,"1165",0.423117411111111,0.404116088888889,0.964986705239026,0.270598553333333,27.20675571612,0.531168793273692,"1165_F_lu_yes_S121_ME_L001_R.gene.counts","1165_F_lu_yes","lu","yes",0.015553023923919
"26-July-21",1156,1,2,"F",37,36,36.3,36.5,18.067,17.642,17.876,17.823,-0.425000000000001,0.234000000000002,-0.0530000000000008,-0.244,"yes",30,10.2,147,4.4,114,21,32,0.2,106,1.27,17,"1156",0.213981266666667,0.239944533333333,1.14963114771422,0.23288134,27.8968940436,0.278508990471566,"1156_F_gi_yes_S97_ME_L001_R.gene.counts","1156_F_gi_yes","gi","yes",0.0135052858803343
"26-July-21",1156,1,2,"F",37,36,36.3,36.5,18.067,17.642,17.876,17.823,-0.425000000000001,0.234000000000002,-0.0530000000000008,-0.244,"yes",30,10.2,147,4.4,114,21,32,0.2,106,1.27,17,"1156",0.213981266666667,0.239944533333333,1.14963114771422,0.23288134,27.8968940436,0.278508990471566,"1156_F_hyp_yes_S98_ME_L001_R.gene.counts","1156_F_hyp_yes","hyp","yes",0.0135052858803343
"26-July-21",1156,1,2,"F",37,36,36.3,36.5,18.067,17.642,17.876,17.823,-0.425000000000001,0.234000000000002,-0.0530000000000008,-0.244,"yes",30,10.2,147,4.4,114,21,32,0.2,106,1.27,17,"1156",0.213981266666667,0.239944533333333,1.14963114771422,0.23288134,27.8968940436,0.278508990471566,"1156_F_kid_yes_S99_ME_L001_R.gene.counts","1156_F_kid_yes","kid","yes",0.0135052858803343
"26-July-21",1156,1,2,"F",37,36,36.3,36.5,18.067,17.642,17.876,17.823,-0.425000000000001,0.234000000000002,-0.0530000000000008,-0.244,"yes",30,10.2,147,4.4,114,21,32,0.2,106,1.27,17,"1156",0.213981266666667,0.239944533333333,1.14963114771422,0.23288134,27.8968940436,0.278508990471566,"1156_F_liv_yes_S100_ME_L001_R.gene.counts","1156_F_liv_yes","liv","yes",0.0135052858803343
"26-July-21",1156,1,2,"F",37,36,36.3,36.5,18.067,17.642,17.876,17.823,-0.425000000000001,0.234000000000002,-0.0530000000000008,-0.244,"yes",30,10.2,147,4.4,114,21,32,0.2,106,1.27,17,"1156",0.213981266666667,0.239944533333333,1.14963114771422,0.23288134,27.8968940436,0.278508990471566,"1156_F_lu_yes_S101_ME_L001_R.gene.counts","1156_F_lu_yes","lu","yes",0.0135052858803343
"26-July-21",1171,1,4,"F",36.4,35.5,34.8,34.5,17.288,14.763,13.241,12.248,-2.525,-1.522,-0.993,-5.04,"no",43,14.6,167,5.2,137,24,55,0.2,89,1.31,12,"1171",0.178233507777778,0.190747416666667,1.34754077354991,0.198210646666667,22.885870911,0.229449593201947,"1171_F_gi_no_S137_ME_L001_R.gene.counts","1171_F_gi_no","gi","no",0.29153169828783
"26-July-21",1171,1,4,"F",36.4,35.5,34.8,34.5,17.288,14.763,13.241,12.248,-2.525,-1.522,-0.993,-5.04,"no",43,14.6,167,5.2,137,24,55,0.2,89,1.31,12,"1171",0.178233507777778,0.190747416666667,1.34754077354991,0.198210646666667,22.885870911,0.229449593201947,"1171_F_hyp_no_S138_ME_L001_R.gene.counts","1171_F_hyp_no","hyp","no",0.29153169828783
"26-July-21",1171,1,4,"F",36.4,35.5,34.8,34.5,17.288,14.763,13.241,12.248,-2.525,-1.522,-0.993,-5.04,"no",43,14.6,167,5.2,137,24,55,0.2,89,1.31,12,"1171",0.178233507777778,0.190747416666667,1.34754077354991,0.198210646666667,22.885870911,0.229449593201947,"1171_F_liv_no_S140_ME_L001_R.gene.counts","1171_F_liv_no","liv","no",0.29153169828783
"26-July-21",1171,1,4,"F",36.4,35.5,34.8,34.5,17.288,14.763,13.241,12.248,-2.525,-1.522,-0.993,-5.04,"no",43,14.6,167,5.2,137,24,55,0.2,89,1.31,12,"1171",0.178233507777778,0.190747416666667,1.34754077354991,0.198210646666667,22.885870911,0.229449593201947,"1171_F_lu_no_S141_ME_L001_R.gene.counts","1171_F_lu_no","lu","no",0.29153169828783
"26-July-21",1109,1,5,"F",36.9,35.3,34.7,35.4,20.037,18.186,17.007,15.895,-1.851,-1.179,-1.112,-4.142,"no",42,14.3,154,6.5,120,30,39,0.4,98,1.28,11,"1109",0.23949822,0.23884983,1.00636900954891,0.189456792,21.08037790056,0.303466899969576,"1109_F_gi_no_S37_ME_L001_R.gene.counts","1109_F_gi_no","gi","no",0.206717572490892
"26-July-21",1109,1,5,"F",36.9,35.3,34.7,35.4,20.037,18.186,17.007,15.895,-1.851,-1.179,-1.112,-4.142,"no",42,14.3,154,6.5,120,30,39,0.4,98,1.28,11,"1109",0.23949822,0.23884983,1.00636900954891,0.189456792,21.08037790056,0.303466899969576,"1109_F_hyp_no_S38_ME_L001_R.gene.counts","1109_F_hyp_no","hyp","no",0.206717572490892
"26-July-21",1109,1,5,"F",36.9,35.3,34.7,35.4,20.037,18.186,17.007,15.895,-1.851,-1.179,-1.112,-4.142,"no",42,14.3,154,6.5,120,30,39,0.4,98,1.28,11,"1109",0.23949822,0.23884983,1.00636900954891,0.189456792,21.08037790056,0.303466899969576,"1109_F_kid_no_S39_ME_L001_R.gene.counts","1109_F_kid_no","kid","no",0.206717572490892
"26-July-21",1109,1,5,"F",36.9,35.3,34.7,35.4,20.037,18.186,17.007,15.895,-1.851,-1.179,-1.112,-4.142,"no",42,14.3,154,6.5,120,30,39,0.4,98,1.28,11,"1109",0.23949822,0.23884983,1.00636900954891,0.189456792,21.08037790056,0.303466899969576,"1109_F_liv_no_S40_ME_L001_R.gene.counts","1109_F_liv_no","liv","no",0.206717572490892
"26-July-21",1109,1,5,"F",36.9,35.3,34.7,35.4,20.037,18.186,17.007,15.895,-1.851,-1.179,-1.112,-4.142,"no",42,14.3,154,6.5,120,30,39,0.4,98,1.28,11,"1109",0.23949822,0.23884983,1.00636900954891,0.189456792,21.08037790056,0.303466899969576,"1109_F_lu_no_S41_ME_L001_R.gene.counts","1109_F_lu_no","lu","no",0.206717572490892
"26-July-21",1164,1,6,"F",36.6,35.4,35.6,34.8,18.16,15.506,14.132,13.094,-2.654,-1.374,-1.038,-5.066,"no",49,16.7,147,8.4,117,28,68,0.4,94,1.19,12,"1164",0.437848177777778,0.383080388888889,0.870656845771553,0.14485118,8.6109333228,0.539907934550443,"1164_F_gi_no_S112_ME_L001_R.gene.counts","1164_F_gi_no","gi","no",0.278964757709251
"26-July-21",1164,1,6,"F",36.6,35.4,35.6,34.8,18.16,15.506,14.132,13.094,-2.654,-1.374,-1.038,-5.066,"no",49,16.7,147,8.4,117,28,68,0.4,94,1.19,12,"1164",0.437848177777778,0.383080388888889,0.870656845771553,0.14485118,8.6109333228,0.539907934550443,"1164_F_hyp_no_S113_ME_L001_R.gene.counts","1164_F_hyp_no","hyp","no",0.278964757709251
"26-July-21",1164,1,6,"F",36.6,35.4,35.6,34.8,18.16,15.506,14.132,13.094,-2.654,-1.374,-1.038,-5.066,"no",49,16.7,147,8.4,117,28,68,0.4,94,1.19,12,"1164",0.437848177777778,0.383080388888889,0.870656845771553,0.14485118,8.6109333228,0.539907934550443,"1164_F_kid_no_S114_ME_L001_R.gene.counts","1164_F_kid_no","kid","no",0.278964757709251
"26-July-21",1164,1,6,"F",36.6,35.4,35.6,34.8,18.16,15.506,14.132,13.094,-2.654,-1.374,-1.038,-5.066,"no",49,16.7,147,8.4,117,28,68,0.4,94,1.19,12,"1164",0.437848177777778,0.383080388888889,0.870656845771553,0.14485118,8.6109333228,0.539907934550443,"1164_F_liv_no_S115_ME_L001_R.gene.counts","1164_F_liv_no","liv","no",0.278964757709251
"26-July-21",1164,1,6,"F",36.6,35.4,35.6,34.8,18.16,15.506,14.132,13.094,-2.654,-1.374,-1.038,-5.066,"no",49,16.7,147,8.4,117,28,68,0.4,94,1.19,12,"1164",0.437848177777778,0.383080388888889,0.870656845771553,0.14485118,8.6109333228,0.539907934550443,"1164_F_lu_no_S116_ME_L001_R.gene.counts","1164_F_lu_no","lu","no",0.278964757709251
"3-Aug-21",1010,2,2,"F",36.3,36,35.8,35.5,18.747,19.333,19.131,19.092,0.585999999999999,-0.201999999999998,-0.0390000000000015,0.344999999999999,"yes",32,10.9,144,5.6,112,25,38,0.2,139,1.28,13,"1010",0.25236691,0.26982111,1.12571860356799,0.215241582,22.306705239,0.324811979161584,"1010_F_gi_yes_S168_ME_L001_R.gene.counts","1010_F_gi_yes","gi","yes",0.0184029444711153
"3-Aug-21",1010,2,2,"F",36.3,36,35.8,35.5,18.747,19.333,19.131,19.092,0.585999999999999,-0.201999999999998,-0.0390000000000015,0.344999999999999,"yes",32,10.9,144,5.6,112,25,38,0.2,139,1.28,13,"1010",0.25236691,0.26982111,1.12571860356799,0.215241582,22.306705239,0.324811979161584,"1010_F_hyp_yes_S169_ME_L001_R.gene.counts","1010_F_hyp_yes","hyp","yes",0.0184029444711153
"3-Aug-21",1010,2,2,"F",36.3,36,35.8,35.5,18.747,19.333,19.131,19.092,0.585999999999999,-0.201999999999998,-0.0390000000000015,0.344999999999999,"yes",32,10.9,144,5.6,112,25,38,0.2,139,1.28,13,"1010",0.25236691,0.26982111,1.12571860356799,0.215241582,22.306705239,0.324811979161584,"1010_F_kid_yes_S4_ME_L001_R.gene.counts","1010_F_kid_yes","kid","yes",0.0184029444711153
"3-Aug-21",1010,2,2,"F",36.3,36,35.8,35.5,18.747,19.333,19.131,19.092,0.585999999999999,-0.201999999999998,-0.0390000000000015,0.344999999999999,"yes",32,10.9,144,5.6,112,25,38,0.2,139,1.28,13,"1010",0.25236691,0.26982111,1.12571860356799,0.215241582,22.306705239,0.324811979161584,"1010_F_liv_yes_S167_ME_L001_R.gene.counts","1010_F_liv_yes","liv","yes",0.0184029444711153
"3-Aug-21",1010,2,2,"F",36.3,36,35.8,35.5,18.747,19.333,19.131,19.092,0.585999999999999,-0.201999999999998,-0.0390000000000015,0.344999999999999,"yes",32,10.9,144,5.6,112,25,38,0.2,139,1.28,13,"1010",0.25236691,0.26982111,1.12571860356799,0.215241582,22.306705239,0.324811979161584,"1010_F_lu_yes_S166_ME_L001_R.gene.counts","1010_F_lu_yes","lu","yes",0.0184029444711153
"3-Aug-21",1154,2,4,"F",36.3,36.2,36.5,36.5,22.006,20.04,18.709,17.248,-1.966,-1.331,-1.461,-4.758,"no",43,14.6,146,6.8,116,20,54,0.2,99,1.25,17,"1154",0.22083547875,0.2045428025,0.983452826436862,0.1732975425,18.6914904366,0.275458856978961,"1154_F_gi_no_S87_ME_L001_R.gene.counts","1154_F_gi_no","gi","no",0.216213759883668
"3-Aug-21",1154,2,4,"F",36.3,36.2,36.5,36.5,22.006,20.04,18.709,17.248,-1.966,-1.331,-1.461,-4.758,"no",43,14.6,146,6.8,116,20,54,0.2,99,1.25,17,"1154",0.22083547875,0.2045428025,0.983452826436862,0.1732975425,18.6914904366,0.275458856978961,"1154_F_hyp_no_S88_ME_L001_R.gene.counts","1154_F_hyp_no","hyp","no",0.216213759883668
"3-Aug-21",1154,2,4,"F",36.3,36.2,36.5,36.5,22.006,20.04,18.709,17.248,-1.966,-1.331,-1.461,-4.758,"no",43,14.6,146,6.8,116,20,54,0.2,99,1.25,17,"1154",0.22083547875,0.2045428025,0.983452826436862,0.1732975425,18.6914904366,0.275458856978961,"1154_F_kid_no_S89_ME_L001_R.gene.counts","1154_F_kid_no","kid","no",0.216213759883668
"3-Aug-21",1154,2,4,"F",36.3,36.2,36.5,36.5,22.006,20.04,18.709,17.248,-1.966,-1.331,-1.461,-4.758,"no",43,14.6,146,6.8,116,20,54,0.2,99,1.25,17,"1154",0.22083547875,0.2045428025,0.983452826436862,0.1732975425,18.6914904366,0.275458856978961,"1154_F_liv_no_S90_ME_L001_R.gene.counts","1154_F_liv_no","liv","no",0.216213759883668
"3-Aug-21",1154,2,4,"F",36.3,36.2,36.5,36.5,22.006,20.04,18.709,17.248,-1.966,-1.331,-1.461,-4.758,"no",43,14.6,146,6.8,116,20,54,0.2,99,1.25,17,"1154",0.22083547875,0.2045428025,0.983452826436862,0.1732975425,18.6914904366,0.275458856978961,"1154_F_lu_no_S91_ME_L001_R.gene.counts","1154_F_lu_no","lu","no",0.216213759883668
"3-Aug-21",1151,2,5,"F",34.1,35.4,35.1,34.5,16.787,15.255,14.233,13.211,-1.532,-1.022,-1.022,-3.576,"no",40,13.6,149,5,119,23,36,0.2,197,1.3,11,"1151",0.286550981818182,0.263728172727273,0.933657358883808,0.18116394,17.21660609004,0.35696173937574,"1151_F_gi_no_S77_ME_L001_R.gene.counts","1151_F_gi_no","gi","no",0.21302198129505
"3-Aug-21",1151,2,5,"F",34.1,35.4,35.1,34.5,16.787,15.255,14.233,13.211,-1.532,-1.022,-1.022,-3.576,"no",40,13.6,149,5,119,23,36,0.2,197,1.3,11,"1151",0.286550981818182,0.263728172727273,0.933657358883808,0.18116394,17.21660609004,0.35696173937574,"1151_F_hyp_no_S78_ME_L001_R.gene.counts","1151_F_hyp_no","hyp","no",0.21302198129505
"3-Aug-21",1151,2,5,"F",34.1,35.4,35.1,34.5,16.787,15.255,14.233,13.211,-1.532,-1.022,-1.022,-3.576,"no",40,13.6,149,5,119,23,36,0.2,197,1.3,11,"1151",0.286550981818182,0.263728172727273,0.933657358883808,0.18116394,17.21660609004,0.35696173937574,"1151_F_kid_no_S79_ME_L001_R.gene.counts","1151_F_kid_no","kid","no",0.21302198129505
"3-Aug-21",1152,2,6,"F",36.2,35.5,34.8,34.5,22.487,19.37,17.442,15.845,-3.117,-1.928,-1.597,-6.642,"no",NA,NA,NA,NA,NA,NA,NA,NA,NA,NA,NA,"1152",0.4935711,0.45012021,0.915715635115623,0.177433884,12.4235819598,0.613700304302091,"1152_F_gi_no_S82_ME_L001_R.gene.counts","1152_F_gi_no","gi","no",0.295370658602748
"3-Aug-21",1152,2,6,"F",36.2,35.5,34.8,34.5,22.487,19.37,17.442,15.845,-3.117,-1.928,-1.597,-6.642,"no",NA,NA,NA,NA,NA,NA,NA,NA,NA,NA,NA,"1152",0.4935711,0.45012021,0.915715635115623,0.177433884,12.4235819598,0.613700304302091,"1152_F_hyp_no_S83_ME_L001_R.gene.counts","1152_F_hyp_no","hyp","no",0.295370658602748
"3-Aug-21",1152,2,6,"F",36.2,35.5,34.8,34.5,22.487,19.37,17.442,15.845,-3.117,-1.928,-1.597,-6.642,"no",NA,NA,NA,NA,NA,NA,NA,NA,NA,NA,NA,"1152",0.4935711,0.45012021,0.915715635115623,0.177433884,12.4235819598,0.613700304302091,"1152_F_kid_no_S84_ME_L001_R.gene.counts","1152_F_kid_no","kid","no",0.295370658602748
"3-Aug-21",1152,2,6,"F",36.2,35.5,34.8,34.5,22.487,19.37,17.442,15.845,-3.117,-1.928,-1.597,-6.642,"no",NA,NA,NA,NA,NA,NA,NA,NA,NA,NA,NA,"1152",0.4935711,0.45012021,0.915715635115623,0.177433884,12.4235819598,0.613700304302091,"1152_F_liv_no_S85_ME_L001_R.gene.counts","1152_F_liv_no","liv","no",0.295370658602748
"3-Aug-21",1152,2,6,"F",36.2,35.5,34.8,34.5,22.487,19.37,17.442,15.845,-3.117,-1.928,-1.597,-6.642,"no",NA,NA,NA,NA,NA,NA,NA,NA,NA,NA,NA,"1152",0.4935711,0.45012021,0.915715635115623,0.177433884,12.4235819598,0.613700304302091,"1152_F_lu_no_S86_ME_L001_R.gene.counts","1152_F_lu_no","lu","no",0.295370658602748
"9-Aug-21",1108,3,0,"F",35.8,35.7,37,36.2,21.413,21.826,21.663,20.789,0.413,-0.163,-0.873999999999999,-0.623999999999999,"yes",35,11.9,147,4.7,117,21,28,0.2,111,1.32,15,"1108",0.23668321,0.24108051,1.07733119808617,0.256426674,29.2081704876,0.301299773185702,"1108_F_gi_yes_S178_ME_L001_R.gene.counts","1108_F_gi_yes","gi","yes",0.0291411759211693
"9-Aug-21",1108,3,0,"F",35.8,35.7,37,36.2,21.413,21.826,21.663,20.789,0.413,-0.163,-0.873999999999999,-0.623999999999999,"yes",35,11.9,147,4.7,117,21,28,0.2,111,1.32,15,"1108",0.23668321,0.24108051,1.07733119808617,0.256426674,29.2081704876,0.301299773185702,"1108_F_hyp_yes_S35_ME_L001_R.gene.counts","1108_F_hyp_yes","hyp","yes",0.0291411759211693
"9-Aug-21",1108,3,0,"F",35.8,35.7,37,36.2,21.413,21.826,21.663,20.789,0.413,-0.163,-0.873999999999999,-0.623999999999999,"yes",35,11.9,147,4.7,117,21,28,0.2,111,1.32,15,"1108",0.23668321,0.24108051,1.07733119808617,0.256426674,29.2081704876,0.301299773185702,"1108_F_kid_yes_S179_ME_L001_R.gene.counts","1108_F_kid_yes","kid","yes",0.0291411759211693
"9-Aug-21",1108,3,0,"F",35.8,35.7,37,36.2,21.413,21.826,21.663,20.789,0.413,-0.163,-0.873999999999999,-0.623999999999999,"yes",35,11.9,147,4.7,117,21,28,0.2,111,1.32,15,"1108",0.23668321,0.24108051,1.07733119808617,0.256426674,29.2081704876,0.301299773185702,"1108_F_liv_yes_S177_ME_L001_R.gene.counts","1108_F_liv_yes","liv","yes",0.0291411759211693
"9-Aug-21",1108,3,0,"F",35.8,35.7,37,36.2,21.413,21.826,21.663,20.789,0.413,-0.163,-0.873999999999999,-0.623999999999999,"yes",35,11.9,147,4.7,117,21,28,0.2,111,1.32,15,"1108",0.23668321,0.24108051,1.07733119808617,0.256426674,29.2081704876,0.301299773185702,"1108_F_lu_yes_S36_ME_L001_R.gene.counts","1108_F_lu_yes","lu","yes",0.0291411759211693
"9-Aug-21",1051,3,1,"F",36.2,36,36,37,20.57,21.155,21.273,20.993,0.585000000000001,0.117999999999999,-0.280000000000001,0.422999999999998,"yes",30,10.2,143,7.3,116,19,32,0.2,125,1.25,16,"1051",0.3358923125,0.3500914375,1.04419328276858,0.27899982,23.3308478142,0.429805014261368,"1051_F_gi_yes_S173_ME_L001_R.gene.counts","1051_F_gi_yes","gi","yes",0.020563928050559
"9-Aug-21",1051,3,1,"F",36.2,36,36,37,20.57,21.155,21.273,20.993,0.585000000000001,0.117999999999999,-0.280000000000001,0.422999999999998,"yes",30,10.2,143,7.3,116,19,32,0.2,125,1.25,16,"1051",0.3358923125,0.3500914375,1.04419328276858,0.27899982,23.3308478142,0.429805014261368,"1051_F_hyp_yes_S174_ME_L001_R.gene.counts","1051_F_hyp_yes","hyp","yes",0.020563928050559
"9-Aug-21",1051,3,1,"F",36.2,36,36,37,20.57,21.155,21.273,20.993,0.585000000000001,0.117999999999999,-0.280000000000001,0.422999999999998,"yes",30,10.2,143,7.3,116,19,32,0.2,125,1.25,16,"1051",0.3358923125,0.3500914375,1.04419328276858,0.27899982,23.3308478142,0.429805014261368,"1051_F_kid_yes_S175_ME_L001_R.gene.counts","1051_F_kid_yes","kid","yes",0.020563928050559
"9-Aug-21",1051,3,1,"F",36.2,36,36,37,20.57,21.155,21.273,20.993,0.585000000000001,0.117999999999999,-0.280000000000001,0.422999999999998,"yes",30,10.2,143,7.3,116,19,32,0.2,125,1.25,16,"1051",0.3358923125,0.3500914375,1.04419328276858,0.27899982,23.3308478142,0.429805014261368,"1051_F_liv_yes_S11_ME_L001_R.gene.counts","1051_F_liv_yes","liv","yes",0.020563928050559
"9-Aug-21",1051,3,1,"F",36.2,36,36,37,20.57,21.155,21.273,20.993,0.585000000000001,0.117999999999999,-0.280000000000001,0.422999999999998,"yes",30,10.2,143,7.3,116,19,32,0.2,125,1.25,16,"1051",0.3358923125,0.3500914375,1.04419328276858,0.27899982,23.3308478142,0.429805014261368,"1051_F_lu_yes_S171_ME_L001_R.gene.counts","1051_F_lu_yes","lu","yes",0.020563928050559
"9-Aug-21",1157,3,4,"F",36.1,35.4,34.9,35.3,17.947,15.209,13.696,12.406,-2.738,-1.513,-1.29,-5.541,"no",45,15.3,172,6.2,136,24,57,0.2,132,1.35,19,"1157",0.240380155555556,0.2334826,0.979208917637424,0.244079626666667,28.3608125688,0.302848815659074,"1157_F_gi_no_S102_ME_L001_R.gene.counts","1157_F_gi_no","gi","no",0.308742408201928
"9-Aug-21",1157,3,4,"F",36.1,35.4,34.9,35.3,17.947,15.209,13.696,12.406,-2.738,-1.513,-1.29,-5.541,"no",45,15.3,172,6.2,136,24,57,0.2,132,1.35,19,"1157",0.240380155555556,0.2334826,0.979208917637424,0.244079626666667,28.3608125688,0.302848815659074,"1157_F_hyp_no_S103_ME_L001_R.gene.counts","1157_F_hyp_no","hyp","no",0.308742408201928
"9-Aug-21",1157,3,4,"F",36.1,35.4,34.9,35.3,17.947,15.209,13.696,12.406,-2.738,-1.513,-1.29,-5.541,"no",45,15.3,172,6.2,136,24,57,0.2,132,1.35,19,"1157",0.240380155555556,0.2334826,0.979208917637424,0.244079626666667,28.3608125688,0.302848815659074,"1157_F_kid_no_S104_ME_L001_R.gene.counts","1157_F_kid_no","kid","no",0.308742408201928
"9-Aug-21",1157,3,4,"F",36.1,35.4,34.9,35.3,17.947,15.209,13.696,12.406,-2.738,-1.513,-1.29,-5.541,"no",45,15.3,172,6.2,136,24,57,0.2,132,1.35,19,"1157",0.240380155555556,0.2334826,0.979208917637424,0.244079626666667,28.3608125688,0.302848815659074,"1157_F_liv_no_S105_ME_L001_R.gene.counts","1157_F_liv_no","liv","no",0.308742408201928
"9-Aug-21",1157,3,4,"F",36.1,35.4,34.9,35.3,17.947,15.209,13.696,12.406,-2.738,-1.513,-1.29,-5.541,"no",45,15.3,172,6.2,136,24,57,0.2,132,1.35,19,"1157",0.240380155555556,0.2334826,0.979208917637424,0.244079626666667,28.3608125688,0.302848815659074,"1157_F_lu_no_S106_ME_L001_R.gene.counts","1157_F_lu_no","lu","no",0.308742408201928
"9-Aug-21",1175,3,5,"F",35.8,35.1,34.2,35.1,16.052,13.999,12.667,11.749,-2.053,-1.332,-0.917999999999999,-4.303,"no",48,16.3,178,5,136,28,78,0.3,107,1.28,19,"1175",0.242664488888889,0.245372,1.02783573507698,0.220110566666667,24.0125536794,0.308413634074493,"1175_F_gi_no_S152_ME_L001_R.gene.counts","1175_F_gi_no","gi","no",0.268066284575131
"9-Aug-21",1175,3,5,"F",35.8,35.1,34.2,35.1,16.052,13.999,12.667,11.749,-2.053,-1.332,-0.917999999999999,-4.303,"no",48,16.3,178,5,136,28,78,0.3,107,1.28,19,"1175",0.242664488888889,0.245372,1.02783573507698,0.220110566666667,24.0125536794,0.308413634074493,"1175_F_hyp_no_S153_ME_L001_R.gene.counts","1175_F_hyp_no","hyp","no",0.268066284575131
"9-Aug-21",1175,3,5,"F",35.8,35.1,34.2,35.1,16.052,13.999,12.667,11.749,-2.053,-1.332,-0.917999999999999,-4.303,"no",48,16.3,178,5,136,28,78,0.3,107,1.28,19,"1175",0.242664488888889,0.245372,1.02783573507698,0.220110566666667,24.0125536794,0.308413634074493,"1175_F_kid_no_S154_ME_L001_R.gene.counts","1175_F_kid_no","kid","no",0.268066284575131
"9-Aug-21",1175,3,5,"F",35.8,35.1,34.2,35.1,16.052,13.999,12.667,11.749,-2.053,-1.332,-0.917999999999999,-4.303,"no",48,16.3,178,5,136,28,78,0.3,107,1.28,19,"1175",0.242664488888889,0.245372,1.02783573507698,0.220110566666667,24.0125536794,0.308413634074493,"1175_F_liv_no_S155_ME_L001_R.gene.counts","1175_F_liv_no","liv","no",0.268066284575131
"9-Aug-21",1175,3,5,"F",35.8,35.1,34.2,35.1,16.052,13.999,12.667,11.749,-2.053,-1.332,-0.917999999999999,-4.303,"no",48,16.3,178,5,136,28,78,0.3,107,1.28,19,"1175",0.242664488888889,0.245372,1.02783573507698,0.220110566666667,24.0125536794,0.308413634074493,"1175_F_lu_no_S156_ME_L001_R.gene.counts","1175_F_lu_no","lu","no",0.268066284575131
"9-Aug-21",1174,3,6,"F",37,35.4,34.6,33.9,15.754,13.908,12.933,12.029,-1.846,-0.975,-0.904,-3.725,"no",45,15.3,161,6.4,126,28,47,0.3,123,1.28,15,"1174",0.300025011111111,0.2904629,0.970617593759037,0.143915372,5.018180745,0.377729043894938,"1174_F_gi_no_S147_ME_L001_R.gene.counts","1174_F_gi_no","gi","no",0.236447886251111
"9-Aug-21",1174,3,6,"F",37,35.4,34.6,33.9,15.754,13.908,12.933,12.029,-1.846,-0.975,-0.904,-3.725,"no",45,15.3,161,6.4,126,28,47,0.3,123,1.28,15,"1174",0.300025011111111,0.2904629,0.970617593759037,0.143915372,5.018180745,0.377729043894938,"1174_F_hyp_no_S148_ME_L001_R.gene.counts","1174_F_hyp_no","hyp","no",0.236447886251111
"9-Aug-21",1174,3,6,"F",37,35.4,34.6,33.9,15.754,13.908,12.933,12.029,-1.846,-0.975,-0.904,-3.725,"no",45,15.3,161,6.4,126,28,47,0.3,123,1.28,15,"1174",0.300025011111111,0.2904629,0.970617593759037,0.143915372,5.018180745,0.377729043894938,"1174_F_kid_no_S149_ME_L001_R.gene.counts","1174_F_kid_no","kid","no",0.236447886251111
"9-Aug-21",1174,3,6,"F",37,35.4,34.6,33.9,15.754,13.908,12.933,12.029,-1.846,-0.975,-0.904,-3.725,"no",45,15.3,161,6.4,126,28,47,0.3,123,1.28,15,"1174",0.300025011111111,0.2904629,0.970617593759037,0.143915372,5.018180745,0.377729043894938,"1174_F_liv_no_S150_ME_L001_R.gene.counts","1174_F_liv_no","liv","no",0.236447886251111
"9-Aug-21",1174,3,6,"F",37,35.4,34.6,33.9,15.754,13.908,12.933,12.029,-1.846,-0.975,-0.904,-3.725,"no",45,15.3,161,6.4,126,28,47,0.3,123,1.28,15,"1174",0.300025011111111,0.2904629,0.970617593759037,0.143915372,5.018180745,0.377729043894938,"1174_F_lu_no_S151_ME_L001_R.gene.counts","1174_F_lu_no","lu","no",0.236447886251111
"13-Sep-21",1127,4,0,"M",35.3,35.3,35.4,35.6,23.491,23.435,23.749,23.869,-0.0560000000000009,0.314,0.120000000000001,0.378,"yes",34,11.6,144,6,113,24,37,0.2,106,1.32,15,"1127",0.241384214285714,0.294512614285714,1.22238629891678,0.299536782857143,43.168609422,0.320799182551999,"1127_M_gi_yes_S47_ME_L001_R.gene.counts","1127_M_gi_yes","gi","yes",0.016091268996637
"13-Sep-21",1127,4,0,"M",35.3,35.3,35.4,35.6,23.491,23.435,23.749,23.869,-0.0560000000000009,0.314,0.120000000000001,0.378,"yes",34,11.6,144,6,113,24,37,0.2,106,1.32,15,"1127",0.241384214285714,0.294512614285714,1.22238629891678,0.299536782857143,43.168609422,0.320799182551999,"1127_M_hyp_yes_S48_ME_L001_R.gene.counts","1127_M_hyp_yes","hyp","yes",0.016091268996637
"13-Sep-21",1127,4,0,"M",35.3,35.3,35.4,35.6,23.491,23.435,23.749,23.869,-0.0560000000000009,0.314,0.120000000000001,0.378,"yes",34,11.6,144,6,113,24,37,0.2,106,1.32,15,"1127",0.241384214285714,0.294512614285714,1.22238629891678,0.299536782857143,43.168609422,0.320799182551999,"1127_M_kid_yes_S49_ME_L001_R.gene.counts","1127_M_kid_yes","kid","yes",0.016091268996637
"13-Sep-21",1127,4,0,"M",35.3,35.3,35.4,35.6,23.491,23.435,23.749,23.869,-0.0560000000000009,0.314,0.120000000000001,0.378,"yes",34,11.6,144,6,113,24,37,0.2,106,1.32,15,"1127",0.241384214285714,0.294512614285714,1.22238629891678,0.299536782857143,43.168609422,0.320799182551999,"1127_M_liv_yes_S50_ME_L001_R.gene.counts","1127_M_liv_yes","liv","yes",0.016091268996637
"13-Sep-21",1127,4,0,"M",35.3,35.3,35.4,35.6,23.491,23.435,23.749,23.869,-0.0560000000000009,0.314,0.120000000000001,0.378,"yes",34,11.6,144,6,113,24,37,0.2,106,1.32,15,"1127",0.241384214285714,0.294512614285714,1.22238629891678,0.299536782857143,43.168609422,0.320799182551999,"1127_M_lu_yes_S51_ME_L001_R.gene.counts","1127_M_lu_yes","lu","yes",0.016091268996637
"13-Sep-21",1119,4,1,"M",35.5,35.5,36.3,36.5,22.131,22.755,22.028,22.194,0.623999999999999,-0.727,0.166,0.0629999999999988,"yes",30,10.2,142,6.1,120,16,29,0.2,80,1.22,13,"1119",0.29276476,0.33198348,1.18499238744402,0.241940016,30.0913092408,0.382077231264832,"1119_M_gi_yes_S42_ME_L001_R.gene.counts","1119_M_gi_yes","gi","yes",0.00284668564457091
"13-Sep-21",1119,4,1,"M",35.5,35.5,36.3,36.5,22.131,22.755,22.028,22.194,0.623999999999999,-0.727,0.166,0.0629999999999988,"yes",30,10.2,142,6.1,120,16,29,0.2,80,1.22,13,"1119",0.29276476,0.33198348,1.18499238744402,0.241940016,30.0913092408,0.382077231264832,"1119_M_hyp_yes_S43_ME_L001_R.gene.counts","1119_M_hyp_yes","hyp","yes",0.00284668564457091
"13-Sep-21",1119,4,1,"M",35.5,35.5,36.3,36.5,22.131,22.755,22.028,22.194,0.623999999999999,-0.727,0.166,0.0629999999999988,"yes",30,10.2,142,6.1,120,16,29,0.2,80,1.22,13,"1119",0.29276476,0.33198348,1.18499238744402,0.241940016,30.0913092408,0.382077231264832,"1119_M_kid_yes_S44_ME_L001_R.gene.counts","1119_M_kid_yes","kid","yes",0.00284668564457091
"13-Sep-21",1119,4,1,"M",35.5,35.5,36.3,36.5,22.131,22.755,22.028,22.194,0.623999999999999,-0.727,0.166,0.0629999999999988,"yes",30,10.2,142,6.1,120,16,29,0.2,80,1.22,13,"1119",0.29276476,0.33198348,1.18499238744402,0.241940016,30.0913092408,0.382077231264832,"1119_M_liv_yes_S45_ME_L001_R.gene.counts","1119_M_liv_yes","liv","yes",0.00284668564457091
"13-Sep-21",1119,4,1,"M",35.5,35.5,36.3,36.5,22.131,22.755,22.028,22.194,0.623999999999999,-0.727,0.166,0.0629999999999988,"yes",30,10.2,142,6.1,120,16,29,0.2,80,1.22,13,"1119",0.29276476,0.33198348,1.18499238744402,0.241940016,30.0913092408,0.382077231264832,"1119_M_lu_yes_S46_ME_L001_R.gene.counts","1119_M_lu_yes","lu","yes",0.00284668564457091
"13-Sep-21",1081,4,4,"M",36.2,35.8,36.4,37.9,27.604,25.039,23.404,21.832,-2.565,-1.635,-1.572,-5.772,"no",42,14.3,142,8.7,118,17,61,0.2,115,1.11,17,"1081",0.274254,0.267250671428571,0.998863389984411,0.235589957142857,31.80522591,0.345766272571973,"1081_M_gi_no_S19_ME_L001_R.gene.counts","1081_M_gi_no","gi","no",0.209100130415882
"13-Sep-21",1081,4,4,"M",36.2,35.8,36.4,37.9,27.604,25.039,23.404,21.832,-2.565,-1.635,-1.572,-5.772,"no",42,14.3,142,8.7,118,17,61,0.2,115,1.11,17,"1081",0.274254,0.267250671428571,0.998863389984411,0.235589957142857,31.80522591,0.345766272571973,"1081_M_hyp_no_S20_ME_L001_R.gene.counts","1081_M_hyp_no","hyp","no",0.209100130415882
"13-Sep-21",1081,4,4,"M",36.2,35.8,36.4,37.9,27.604,25.039,23.404,21.832,-2.565,-1.635,-1.572,-5.772,"no",42,14.3,142,8.7,118,17,61,0.2,115,1.11,17,"1081",0.274254,0.267250671428571,0.998863389984411,0.235589957142857,31.80522591,0.345766272571973,"1081_M_kid_no_S21_ME_L001_R.gene.counts","1081_M_kid_no","kid","no",0.209100130415882
"13-Sep-21",1081,4,4,"M",36.2,35.8,36.4,37.9,27.604,25.039,23.404,21.832,-2.565,-1.635,-1.572,-5.772,"no",42,14.3,142,8.7,118,17,61,0.2,115,1.11,17,"1081",0.274254,0.267250671428571,0.998863389984411,0.235589957142857,31.80522591,0.345766272571973,"1081_M_liv_no_S22_ME_L001_R.gene.counts","1081_M_liv_no","liv","no",0.209100130415882
"13-Sep-21",1081,4,4,"M",36.2,35.8,36.4,37.9,27.604,25.039,23.404,21.832,-2.565,-1.635,-1.572,-5.772,"no",42,14.3,142,8.7,118,17,61,0.2,115,1.11,17,"1081",0.274254,0.267250671428571,0.998863389984411,0.235589957142857,31.80522591,0.345766272571973,"1081_M_lu_no_S23_ME_L001_R.gene.counts","1081_M_lu_no","lu","no",0.209100130415882
"13-Sep-21",1132,4,5,"M",36.1,35.5,35.8,36.9,24.329,22.221,20.535,19.62,-2.108,-1.686,-0.914999999999999,-4.709,"no",42,14.3,147,6.3,119,23,45,0.2,139,1.2,13,"1132",0.321286355555556,0.294453288888889,0.914643261433021,0.210445913333333,26.499131328,0.399886676865514,"1132_M_hyp_no_S53_ME_L001_R.gene.counts","1132_M_hyp_no","hyp","no",0.1935550166468
"13-Sep-21",1132,4,5,"M",36.1,35.5,35.8,36.9,24.329,22.221,20.535,19.62,-2.108,-1.686,-0.914999999999999,-4.709,"no",42,14.3,147,6.3,119,23,45,0.2,139,1.2,13,"1132",0.321286355555556,0.294453288888889,0.914643261433021,0.210445913333333,26.499131328,0.399886676865514,"1132_M_kid_no_S54_ME_L001_R.gene.counts","1132_M_kid_no","kid","no",0.1935550166468
"13-Sep-21",1132,4,5,"M",36.1,35.5,35.8,36.9,24.329,22.221,20.535,19.62,-2.108,-1.686,-0.914999999999999,-4.709,"no",42,14.3,147,6.3,119,23,45,0.2,139,1.2,13,"1132",0.321286355555556,0.294453288888889,0.914643261433021,0.210445913333333,26.499131328,0.399886676865514,"1132_M_liv_no_S55_ME_L001_R.gene.counts","1132_M_liv_no","liv","no",0.1935550166468
"13-Sep-21",1132,4,5,"M",36.1,35.5,35.8,36.9,24.329,22.221,20.535,19.62,-2.108,-1.686,-0.914999999999999,-4.709,"no",42,14.3,147,6.3,119,23,45,0.2,139,1.2,13,"1132",0.321286355555556,0.294453288888889,0.914643261433021,0.210445913333333,26.499131328,0.399886676865514,"1132_M_lu_no_S56_ME_L001_R.gene.counts","1132_M_lu_no","lu","no",0.1935550166468
"13-Sep-21",1178,4,6,"M",35.4,34.8,35.4,35.3,22.214,18.573,17.171,15.998,-3.641,-1.402,-1.173,-6.216,"no",43,14.6,164,6.7,129,29,57,0.3,102,1.31,13,"1178",0.493326166666667,0.498121966666667,1.0125373675761,0.162535267,9.08207568636,0.62679443604377,"1178_M_gi_no_S157_ME_L001_R.gene.counts","1178_M_gi_no","gi","no",0.279823534707842
"13-Sep-21",1178,4,6,"M",35.4,34.8,35.4,35.3,22.214,18.573,17.171,15.998,-3.641,-1.402,-1.173,-6.216,"no",43,14.6,164,6.7,129,29,57,0.3,102,1.31,13,"1178",0.493326166666667,0.498121966666667,1.0125373675761,0.162535267,9.08207568636,0.62679443604377,"1178_M_hyp_no_S158_ME_L001_R.gene.counts","1178_M_hyp_no","hyp","no",0.279823534707842
"13-Sep-21",1178,4,6,"M",35.4,34.8,35.4,35.3,22.214,18.573,17.171,15.998,-3.641,-1.402,-1.173,-6.216,"no",43,14.6,164,6.7,129,29,57,0.3,102,1.31,13,"1178",0.493326166666667,0.498121966666667,1.0125373675761,0.162535267,9.08207568636,0.62679443604377,"1178_M_liv_no_S160_ME_L001_R.gene.counts","1178_M_liv_no","liv","no",0.279823534707842
"13-Sep-21",1178,4,6,"M",35.4,34.8,35.4,35.3,22.214,18.573,17.171,15.998,-3.641,-1.402,-1.173,-6.216,"no",43,14.6,164,6.7,129,29,57,0.3,102,1.31,13,"1178",0.493326166666667,0.498121966666667,1.0125373675761,0.162535267,9.08207568636,0.62679443604377,"1178_M_lu_no_S161_ME_L001_R.gene.counts","1178_M_lu_no","lu","no",0.279823534707842
"20-Sep-21",1105,5,0,"M",35.4,35.5,36.1,36.2,20.364,20.417,20.621,20.711,0.0530000000000008,0.203999999999997,0.0899999999999999,0.346999999999998,"yes",36,12.2,147,4.9,117,23,34,0.2,89,1.28,14,"1105",0.2731010125,0.26723695,1.0106472743009,0.26007072,37.993732236,0.344620990270236,"1105_M_gi_yes_S30_ME_L001_R.gene.counts","1105_M_gi_yes","gi","yes",0.017039874287959
"20-Sep-21",1105,5,0,"M",35.4,35.5,36.1,36.2,20.364,20.417,20.621,20.711,0.0530000000000008,0.203999999999997,0.0899999999999999,0.346999999999998,"yes",36,12.2,147,4.9,117,23,34,0.2,89,1.28,14,"1105",0.2731010125,0.26723695,1.0106472743009,0.26007072,37.993732236,0.344620990270236,"1105_M_hyp_yes_S31_ME_L001_R.gene.counts","1105_M_hyp_yes","hyp","yes",0.017039874287959
"20-Sep-21",1105,5,0,"M",35.4,35.5,36.1,36.2,20.364,20.417,20.621,20.711,0.0530000000000008,0.203999999999997,0.0899999999999999,0.346999999999998,"yes",36,12.2,147,4.9,117,23,34,0.2,89,1.28,14,"1105",0.2731010125,0.26723695,1.0106472743009,0.26007072,37.993732236,0.344620990270236,"1105_M_kid_yes_S32_ME_L001_R.gene.counts","1105_M_kid_yes","kid","yes",0.017039874287959
"20-Sep-21",1105,5,0,"M",35.4,35.5,36.1,36.2,20.364,20.417,20.621,20.711,0.0530000000000008,0.203999999999997,0.0899999999999999,0.346999999999998,"yes",36,12.2,147,4.9,117,23,34,0.2,89,1.28,14,"1105",0.2731010125,0.26723695,1.0106472743009,0.26007072,37.993732236,0.344620990270236,"1105_M_liv_yes_S33_ME_L001_R.gene.counts","1105_M_liv_yes","liv","yes",0.017039874287959
"20-Sep-21",1105,5,0,"M",35.4,35.5,36.1,36.2,20.364,20.417,20.621,20.711,0.0530000000000008,0.203999999999997,0.0899999999999999,0.346999999999998,"yes",36,12.2,147,4.9,117,23,34,0.2,89,1.28,14,"1105",0.2731010125,0.26723695,1.0106472743009,0.26007072,37.993732236,0.344620990270236,"1105_M_lu_yes_S34_ME_L001_R.gene.counts","1105_M_lu_yes","lu","yes",0.017039874287959
"20-Sep-21",1089,5,1,"M",35.7,35.8,35.6,35.6,26.076,25.644,26.105,25.877,-0.432000000000002,0.461000000000002,-0.228000000000002,-0.199000000000002,"yes",33,11.2,144,5.1,113,23,38,0.2,128,1.29,15,"1089",0.432085971428571,0.420476528571429,1.00683911428438,0.231749862857143,23.0556314394,0.544593284107632,"1089_M_gi_yes_S24_ME_L001_R.gene.counts","1089_M_gi_yes","gi","yes",0.0076315385795368
"20-Sep-21",1089,5,1,"M",35.7,35.8,35.6,35.6,26.076,25.644,26.105,25.877,-0.432000000000002,0.461000000000002,-0.228000000000002,-0.199000000000002,"yes",33,11.2,144,5.1,113,23,38,0.2,128,1.29,15,"1089",0.432085971428571,0.420476528571429,1.00683911428438,0.231749862857143,23.0556314394,0.544593284107632,"1089_M_hyp_yes_S25_ME_L001_R.gene.counts","1089_M_hyp_yes","hyp","yes",0.0076315385795368
"20-Sep-21",1089,5,1,"M",35.7,35.8,35.6,35.6,26.076,25.644,26.105,25.877,-0.432000000000002,0.461000000000002,-0.228000000000002,-0.199000000000002,"yes",33,11.2,144,5.1,113,23,38,0.2,128,1.29,15,"1089",0.432085971428571,0.420476528571429,1.00683911428438,0.231749862857143,23.0556314394,0.544593284107632,"1089_M_kid_yes_S26_ME_L001_R.gene.counts","1089_M_kid_yes","kid","yes",0.0076315385795368
"20-Sep-21",1089,5,1,"M",35.7,35.8,35.6,35.6,26.076,25.644,26.105,25.877,-0.432000000000002,0.461000000000002,-0.228000000000002,-0.199000000000002,"yes",33,11.2,144,5.1,113,23,38,0.2,128,1.29,15,"1089",0.432085971428571,0.420476528571429,1.00683911428438,0.231749862857143,23.0556314394,0.544593284107632,"1089_M_liv_yes_S27_ME_L001_R.gene.counts","1089_M_liv_yes","liv","yes",0.0076315385795368
"20-Sep-21",1089,5,1,"M",35.7,35.8,35.6,35.6,26.076,25.644,26.105,25.877,-0.432000000000002,0.461000000000002,-0.228000000000002,-0.199000000000002,"yes",33,11.2,144,5.1,113,23,38,0.2,128,1.29,15,"1089",0.432085971428571,0.420476528571429,1.00683911428438,0.231749862857143,23.0556314394,0.544593284107632,"1089_M_lu_yes_S28_ME_L001_R.gene.counts","1089_M_lu_yes","lu","yes",0.0076315385795368
"20-Sep-21",1192,5,2,"M",35.2,35.5,35.5,35.7,23.101,23.604,23.393,23.134,0.503,-0.210999999999999,-0.259,0.0330000000000013,"yes",34,11.6,143,7.3,116,19,37,0.2,137,1.28,15,"1192",0.32139151,0.34385591,1.10924303967177,0.27344421,34.599800622,0.413716609903963,"1192_M_gi_yes_S162_ME_L001_R.gene.counts","1192_M_gi_yes","gi","yes",0.00142850958832956
"20-Sep-21",1192,5,2,"M",35.2,35.5,35.5,35.7,23.101,23.604,23.393,23.134,0.503,-0.210999999999999,-0.259,0.0330000000000013,"yes",34,11.6,143,7.3,116,19,37,0.2,137,1.28,15,"1192",0.32139151,0.34385591,1.10924303967177,0.27344421,34.599800622,0.413716609903963,"1192_M_hyp_yes_S163_ME_L001_R.gene.counts","1192_M_hyp_yes","hyp","yes",0.00142850958832956
"20-Sep-21",1192,5,2,"M",35.2,35.5,35.5,35.7,23.101,23.604,23.393,23.134,0.503,-0.210999999999999,-0.259,0.0330000000000013,"yes",34,11.6,143,7.3,116,19,37,0.2,137,1.28,15,"1192",0.32139151,0.34385591,1.10924303967177,0.27344421,34.599800622,0.413716609903963,"1192_M_kid_yes_S164_ME_L001_R.gene.counts","1192_M_kid_yes","kid","yes",0.00142850958832956
"20-Sep-21",1192,5,2,"M",35.2,35.5,35.5,35.7,23.101,23.604,23.393,23.134,0.503,-0.210999999999999,-0.259,0.0330000000000013,"yes",34,11.6,143,7.3,116,19,37,0.2,137,1.28,15,"1192",0.32139151,0.34385591,1.10924303967177,0.27344421,34.599800622,0.413716609903963,"1192_M_liv_yes_S165_ME_L001_R.gene.counts","1192_M_liv_yes","liv","yes",0.00142850958832956
"20-Sep-21",1192,5,2,"M",35.2,35.5,35.5,35.7,23.101,23.604,23.393,23.134,0.503,-0.210999999999999,-0.259,0.0330000000000013,"yes",34,11.6,143,7.3,116,19,37,0.2,137,1.28,15,"1192",0.32139151,0.34385591,1.10924303967177,0.27344421,34.599800622,0.413716609903963,"1192_M_lu_yes_S166_ME_L001_R.gene.counts","1192_M_lu_yes","lu","yes",0.00142850958832956
"20-Sep-21",1169,5,5,"M",35.7,35.7,35.4,35.7,22.034,19.109,17.272,15.693,-2.925,-1.837,-1.579,-6.341,"no",49,16.7,158,4.5,124,26,68,0.2,153,1.36,13,"1169",0.3357105,0.319316077777778,0.962677020763634,0.232582553333333,28.2836860518,0.421074513614882,"1169_M_gi_no_S127_ME_L001_R.gene.counts","1169_M_gi_no","gi","no",0.28778251792684
"20-Sep-21",1169,5,5,"M",35.7,35.7,35.4,35.7,22.034,19.109,17.272,15.693,-2.925,-1.837,-1.579,-6.341,"no",49,16.7,158,4.5,124,26,68,0.2,153,1.36,13,"1169",0.3357105,0.319316077777778,0.962677020763634,0.232582553333333,28.2836860518,0.421074513614882,"1169_M_hyp_no_S128_ME_L001_R.gene.counts","1169_M_hyp_no","hyp","no",0.28778251792684
"20-Sep-21",1169,5,5,"M",35.7,35.7,35.4,35.7,22.034,19.109,17.272,15.693,-2.925,-1.837,-1.579,-6.341,"no",49,16.7,158,4.5,124,26,68,0.2,153,1.36,13,"1169",0.3357105,0.319316077777778,0.962677020763634,0.232582553333333,28.2836860518,0.421074513614882,"1169_M_kid_no_S129_ME_L001_R.gene.counts","1169_M_kid_no","kid","no",0.28778251792684
"20-Sep-21",1169,5,5,"M",35.7,35.7,35.4,35.7,22.034,19.109,17.272,15.693,-2.925,-1.837,-1.579,-6.341,"no",49,16.7,158,4.5,124,26,68,0.2,153,1.36,13,"1169",0.3357105,0.319316077777778,0.962677020763634,0.232582553333333,28.2836860518,0.421074513614882,"1169_M_liv_no_S130_ME_L001_R.gene.counts","1169_M_liv_no","liv","no",0.28778251792684
"20-Sep-21",1169,5,5,"M",35.7,35.7,35.4,35.7,22.034,19.109,17.272,15.693,-2.925,-1.837,-1.579,-6.341,"no",49,16.7,158,4.5,124,26,68,0.2,153,1.36,13,"1169",0.3357105,0.319316077777778,0.962677020763634,0.232582553333333,28.2836860518,0.421074513614882,"1169_M_lu_no_S131_ME_L001_R.gene.counts","1169_M_lu_no","lu","no",0.28778251792684
"27-Sep-21",1148,6,0,"M",35.5,35.8,36.2,37.6,21.749,21.278,21.472,20.993,-0.471,0.194000000000003,-0.479000000000003,-0.756,"yes",33,11.2,144,5.8,116,18,31,0.2,128,1.27,17,"1148",0.234928642857143,0.247466228571429,1.10674201986009,0.20204178,22.52815438632,0.301336915702802,"1148_M_gi_yes_S72_ME_L001_R.gene.counts","1148_M_gi_yes","gi","yes",0.0347602188606373
"27-Sep-21",1148,6,0,"M",35.5,35.8,36.2,37.6,21.749,21.278,21.472,20.993,-0.471,0.194000000000003,-0.479000000000003,-0.756,"yes",33,11.2,144,5.8,116,18,31,0.2,128,1.27,17,"1148",0.234928642857143,0.247466228571429,1.10674201986009,0.20204178,22.52815438632,0.301336915702802,"1148_M_hyp_yes_S73_ME_L001_R.gene.counts","1148_M_hyp_yes","hyp","yes",0.0347602188606373
"27-Sep-21",1148,6,0,"M",35.5,35.8,36.2,37.6,21.749,21.278,21.472,20.993,-0.471,0.194000000000003,-0.479000000000003,-0.756,"yes",33,11.2,144,5.8,116,18,31,0.2,128,1.27,17,"1148",0.234928642857143,0.247466228571429,1.10674201986009,0.20204178,22.52815438632,0.301336915702802,"1148_M_kid_yes_S74_ME_L001_R.gene.counts","1148_M_kid_yes","kid","yes",0.0347602188606373
"27-Sep-21",1148,6,0,"M",35.5,35.8,36.2,37.6,21.749,21.278,21.472,20.993,-0.471,0.194000000000003,-0.479000000000003,-0.756,"yes",33,11.2,144,5.8,116,18,31,0.2,128,1.27,17,"1148",0.234928642857143,0.247466228571429,1.10674201986009,0.20204178,22.52815438632,0.301336915702802,"1148_M_liv_yes_S75_ME_L001_R.gene.counts","1148_M_liv_yes","liv","yes",0.0347602188606373
"27-Sep-21",1148,6,0,"M",35.5,35.8,36.2,37.6,21.749,21.278,21.472,20.993,-0.471,0.194000000000003,-0.479000000000003,-0.756,"yes",33,11.2,144,5.8,116,18,31,0.2,128,1.27,17,"1148",0.234928642857143,0.247466228571429,1.10674201986009,0.20204178,22.52815438632,0.301336915702802,"1148_M_lu_yes_S76_ME_L001_R.gene.counts","1148_M_lu_yes","lu","yes",0.0347602188606373
"27-Sep-21",1138,6,1,"M",35.4,36,35.5,36.2,20.372,20.688,20.337,19.732,0.315999999999999,-0.350999999999999,-0.605,-0.640000000000001,"yes",31,10.5,145,5.3,116,21,34,0.2,117,1.25,14,"1138",0.344648933333333,0.368604666666667,1.15509872731777,0.28616718,28.3220887356,0.443617805254782,"1138_M_gi_yes_S57_ME_L001_R.gene.counts","1138_M_gi_yes","gi","yes",0.0314156685646967
"27-Sep-21",1138,6,1,"M",35.4,36,35.5,36.2,20.372,20.688,20.337,19.732,0.315999999999999,-0.350999999999999,-0.605,-0.640000000000001,"yes",31,10.5,145,5.3,116,21,34,0.2,117,1.25,14,"1138",0.344648933333333,0.368604666666667,1.15509872731777,0.28616718,28.3220887356,0.443617805254782,"1138_M_hyp_yes_S58_ME_L001_R.gene.counts","1138_M_hyp_yes","hyp","yes",0.0314156685646967
"27-Sep-21",1138,6,1,"M",35.4,36,35.5,36.2,20.372,20.688,20.337,19.732,0.315999999999999,-0.350999999999999,-0.605,-0.640000000000001,"yes",31,10.5,145,5.3,116,21,34,0.2,117,1.25,14,"1138",0.344648933333333,0.368604666666667,1.15509872731777,0.28616718,28.3220887356,0.443617805254782,"1138_M_kid_yes_S59_ME_L001_R.gene.counts","1138_M_kid_yes","kid","yes",0.0314156685646967
"27-Sep-21",1138,6,1,"M",35.4,36,35.5,36.2,20.372,20.688,20.337,19.732,0.315999999999999,-0.350999999999999,-0.605,-0.640000000000001,"yes",31,10.5,145,5.3,116,21,34,0.2,117,1.25,14,"1138",0.344648933333333,0.368604666666667,1.15509872731777,0.28616718,28.3220887356,0.443617805254782,"1138_M_liv_yes_S60_ME_L001_R.gene.counts","1138_M_liv_yes","liv","yes",0.0314156685646967
"27-Sep-21",1139,6,2,"M",35.2,36.5,35.3,35.4,23.705,24.051,23.828,23.563,0.346,-0.222999999999999,-0.265000000000001,-0.141999999999999,"yes",35,11.9,143,6,114,21,34,0.2,166,1.34,15,"1139",0.31770896,0.33652013,1.17643324718752,0.276863142,31.89119132064,0.408032701773369,"1139_M_gi_yes_S62_ME_L001_R.gene.counts","1139_M_gi_yes","gi","yes",0.00599029740561061
"27-Sep-21",1139,6,2,"M",35.2,36.5,35.3,35.4,23.705,24.051,23.828,23.563,0.346,-0.222999999999999,-0.265000000000001,-0.141999999999999,"yes",35,11.9,143,6,114,21,34,0.2,166,1.34,15,"1139",0.31770896,0.33652013,1.17643324718752,0.276863142,31.89119132064,0.408032701773369,"1139_M_hyp_yes_S63_ME_L001_R.gene.counts","1139_M_hyp_yes","hyp","yes",0.00599029740561061
"27-Sep-21",1139,6,2,"M",35.2,36.5,35.3,35.4,23.705,24.051,23.828,23.563,0.346,-0.222999999999999,-0.265000000000001,-0.141999999999999,"yes",35,11.9,143,6,114,21,34,0.2,166,1.34,15,"1139",0.31770896,0.33652013,1.17643324718752,0.276863142,31.89119132064,0.408032701773369,"1139_M_kid_yes_S64_ME_L001_R.gene.counts","1139_M_kid_yes","kid","yes",0.00599029740561061
"27-Sep-21",1139,6,2,"M",35.2,36.5,35.3,35.4,23.705,24.051,23.828,23.563,0.346,-0.222999999999999,-0.265000000000001,-0.141999999999999,"yes",35,11.9,143,6,114,21,34,0.2,166,1.34,15,"1139",0.31770896,0.33652013,1.17643324718752,0.276863142,31.89119132064,0.408032701773369,"1139_M_liv_yes_S65_ME_L001_R.gene.counts","1139_M_liv_yes","liv","yes",0.00599029740561061
"27-Sep-21",1139,6,2,"M",35.2,36.5,35.3,35.4,23.705,24.051,23.828,23.563,0.346,-0.222999999999999,-0.265000000000001,-0.141999999999999,"yes",35,11.9,143,6,114,21,34,0.2,166,1.34,15,"1139",0.31770896,0.33652013,1.17643324718752,0.276863142,31.89119132064,0.408032701773369,"1139_M_lu_yes_S66_ME_L001_R.gene.counts","1139_M_lu_yes","lu","yes",0.00599029740561061
"27-Sep-21",1013,6,4,"M",35.4,35.2,36.5,36.5,20.438,18.554,17.199,16.111,-1.884,-1.355,-1.088,-4.327,"no",41,13.9,148,8.7,120,14,39,0.2,162,1.2,24,"1013",0.172484,0.167857771428571,1.02307082344579,0.168048488571429,17.8133360214,0.217397950248154,"1013_M_gi_no_S5_ME_L001_R.gene.counts","1013_M_gi_no","gi","no",0.211713474899697
"27-Sep-21",1013,6,4,"M",35.4,35.2,36.5,36.5,20.438,18.554,17.199,16.111,-1.884,-1.355,-1.088,-4.327,"no",41,13.9,148,8.7,120,14,39,0.2,162,1.2,24,"1013",0.172484,0.167857771428571,1.02307082344579,0.168048488571429,17.8133360214,0.217397950248154,"1013_M_hyp_no_S6_ME_L001_R.gene.counts","1013_M_hyp_no","hyp","no",0.211713474899697
"27-Sep-21",1013,6,4,"M",35.4,35.2,36.5,36.5,20.438,18.554,17.199,16.111,-1.884,-1.355,-1.088,-4.327,"no",41,13.9,148,8.7,120,14,39,0.2,162,1.2,24,"1013",0.172484,0.167857771428571,1.02307082344579,0.168048488571429,17.8133360214,0.217397950248154,"1013_M_kid_no_S7_ME_L001_R.gene.counts","1013_M_kid_no","kid","no",0.211713474899697
"27-Sep-21",1013,6,4,"M",35.4,35.2,36.5,36.5,20.438,18.554,17.199,16.111,-1.884,-1.355,-1.088,-4.327,"no",41,13.9,148,8.7,120,14,39,0.2,162,1.2,24,"1013",0.172484,0.167857771428571,1.02307082344579,0.168048488571429,17.8133360214,0.217397950248154,"1013_M_liv_no_S8_ME_L001_R.gene.counts","1013_M_liv_no","liv","no",0.211713474899697
"27-Sep-21",1013,6,4,"M",35.4,35.2,36.5,36.5,20.438,18.554,17.199,16.111,-1.884,-1.355,-1.088,-4.327,"no",41,13.9,148,8.7,120,14,39,0.2,162,1.2,24,"1013",0.172484,0.167857771428571,1.02307082344579,0.168048488571429,17.8133360214,0.217397950248154,"1013_M_lu_no_S9_ME_L001_R.gene.counts","1013_M_lu_no","lu","no",0.211713474899697
"27-Sep-21",1143,6,5,"M",36.1,35.2,35.1,33.9,19.838,16.809,15.174,13.964,-3.029,-1.635,-1.21,-5.874,"no",49,16.7,163,6.4,128,28,62,0.2,89,1.22,14,"1143",0.27335953,0.26550659,0.981233927414543,0.201691782,21.6189879444,0.344396168984594,"1143_M_gi_no_S67_ME_L001_R.gene.counts","1143_M_gi_no","gi","no",0.296098397015828
"27-Sep-21",1143,6,5,"M",36.1,35.2,35.1,33.9,19.838,16.809,15.174,13.964,-3.029,-1.635,-1.21,-5.874,"no",49,16.7,163,6.4,128,28,62,0.2,89,1.22,14,"1143",0.27335953,0.26550659,0.981233927414543,0.201691782,21.6189879444,0.344396168984594,"1143_M_hyp_no_S68_ME_L001_R.gene.counts","1143_M_hyp_no","hyp","no",0.296098397015828
"27-Sep-21",1143,6,5,"M",36.1,35.2,35.1,33.9,19.838,16.809,15.174,13.964,-3.029,-1.635,-1.21,-5.874,"no",49,16.7,163,6.4,128,28,62,0.2,89,1.22,14,"1143",0.27335953,0.26550659,0.981233927414543,0.201691782,21.6189879444,0.344396168984594,"1143_M_kid_no_S69_ME_L001_R.gene.counts","1143_M_kid_no","kid","no",0.296098397015828
"27-Sep-21",1143,6,5,"M",36.1,35.2,35.1,33.9,19.838,16.809,15.174,13.964,-3.029,-1.635,-1.21,-5.874,"no",49,16.7,163,6.4,128,28,62,0.2,89,1.22,14,"1143",0.27335953,0.26550659,0.981233927414543,0.201691782,21.6189879444,0.344396168984594,"1143_M_liv_no_S70_ME_L001_R.gene.counts","1143_M_liv_no","liv","no",0.296098397015828
"27-Sep-21",1143,6,5,"M",36.1,35.2,35.1,33.9,19.838,16.809,15.174,13.964,-3.029,-1.635,-1.21,-5.874,"no",49,16.7,163,6.4,128,28,62,0.2,89,1.22,14,"1143",0.27335953,0.26550659,0.981233927414543,0.201691782,21.6189879444,0.344396168984594,"1143_M_lu_no_S71_ME_L001_R.gene.counts","1143_M_lu_no","lu","no",0.296098397015828
"27-Sep-21",1173,6,6,"M",35.4,36,36.3,38,20.985,19.066,17.774,16.646,-1.919,-1.292,-1.128,-4.339,"no",36,12.2,146,5.9,112,25,99,0.2,86,1.2,16,"1173",0.78100488,0.63779817,0.850806107813967,0.165268644,8.74917954348,0.950406532794786,"1173_M_gi_no_S142_ME_L001_R.gene.counts","1173_M_gi_no","gi","no",0.206766738146295
"27-Sep-21",1173,6,6,"M",35.4,36,36.3,38,20.985,19.066,17.774,16.646,-1.919,-1.292,-1.128,-4.339,"no",36,12.2,146,5.9,112,25,99,0.2,86,1.2,16,"1173",0.78100488,0.63779817,0.850806107813967,0.165268644,8.74917954348,0.950406532794786,"1173_M_hyp_no_S143_ME_L001_R.gene.counts","1173_M_hyp_no","hyp","no",0.206766738146295
"27-Sep-21",1173,6,6,"M",35.4,36,36.3,38,20.985,19.066,17.774,16.646,-1.919,-1.292,-1.128,-4.339,"no",36,12.2,146,5.9,112,25,99,0.2,86,1.2,16,"1173",0.78100488,0.63779817,0.850806107813967,0.165268644,8.74917954348,0.950406532794786,"1173_M_kid_no_S144_ME_L001_R.gene.counts","1173_M_kid_no","kid","no",0.206766738146295
"27-Sep-21",1173,6,6,"M",35.4,36,36.3,38,20.985,19.066,17.774,16.646,-1.919,-1.292,-1.128,-4.339,"no",36,12.2,146,5.9,112,25,99,0.2,86,1.2,16,"1173",0.78100488,0.63779817,0.850806107813967,0.165268644,8.74917954348,0.950406532794786,"1173_M_liv_no_S145_ME_L001_R.gene.counts","1173_M_liv_no","liv","no",0.206766738146295
"27-Sep-21",1173,6,6,"M",35.4,36,36.3,38,20.985,19.066,17.774,16.646,-1.919,-1.292,-1.128,-4.339,"no",36,12.2,146,5.9,112,25,99,0.2,86,1.2,16,"1173",0.78100488,0.63779817,0.850806107813967,0.165268644,8.74917954348,0.950406532794786,"1173_M_lu_no_S146_ME_L001_R.gene.counts","1173_M_lu_no","lu","no",0.206766738146295
"20-Sep-21",1071,5,5,"M",34.9,34.7,34.5,34.9,23.327,20.71,19.163,17.88,-2.617,-1.547,-1.283,-5.447,"no",NA,NA,NA,NA,NA,NA,NA,NA,NA,NA,NA,"1071",0.650345388888889,0.571529188888889,0.884306399623665,0.179837626666667,8.5486953234,0.802640323062866,"1071_M_gi_no_S12_ME_L001_R.gene.counts","1071_M_gi_no","gi","no",0.233506237407296
"20-Sep-21",1071,5,5,"M",34.9,34.7,34.5,34.9,23.327,20.71,19.163,17.88,-2.617,-1.547,-1.283,-5.447,"no",NA,NA,NA,NA,NA,NA,NA,NA,NA,NA,NA,"1071",0.650345388888889,0.571529188888889,0.884306399623665,0.179837626666667,8.5486953234,0.802640323062866,"1071_M_hyp_no_S13_ME_L001_R.gene.counts","1071_M_hyp_no","hyp","no",0.233506237407296
"20-Sep-21",1071,5,5,"M",34.9,34.7,34.5,34.9,23.327,20.71,19.163,17.88,-2.617,-1.547,-1.283,-5.447,"no",NA,NA,NA,NA,NA,NA,NA,NA,NA,NA,NA,"1071",0.650345388888889,0.571529188888889,0.884306399623665,0.179837626666667,8.5486953234,0.802640323062866,"1071_M_liv_no_S15_ME_L001_R.gene.counts","1071_M_liv_no","liv","no",0.233506237407296
"20-Sep-21",1071,5,5,"M",34.9,34.7,34.5,34.9,23.327,20.71,19.163,17.88,-2.617,-1.547,-1.283,-5.447,"no",NA,NA,NA,NA,NA,NA,NA,NA,NA,NA,NA,"1071",0.650345388888889,0.571529188888889,0.884306399623665,0.179837626666667,8.5486953234,0.802640323062866,"1071_M_lu_no_S16_ME_L001_R.gene.counts","1071_M_lu_no","lu","no",0.233506237407296
"3-Aug-21",1155,2,1,"F",36.1,35.8,36,36,17.137,17.77,18.063,17.623,0.632999999999999,0.292999999999999,-0.439999999999998,0.486000000000001,"yes",33,11.2,145,5.4,114,23,34,0.2,131,1.38,14,"1155",0.244568385714286,0.252417714285714,1.06866712628354,0.214950497142857,19.7030324166,0.312256065769121,"1155_F_hyp_yes_S93_ME_L001_R.gene.counts","1155_F_hyp_yes","hyp","yes",0.0283596895605999
"3-Aug-21",1155,2,1,"F",36.1,35.8,36,36,17.137,17.77,18.063,17.623,0.632999999999999,0.292999999999999,-0.439999999999998,0.486000000000001,"yes",33,11.2,145,5.4,114,23,34,0.2,131,1.38,14,"1155",0.244568385714286,0.252417714285714,1.06866712628354,0.214950497142857,19.7030324166,0.312256065769121,"1155_F_liv_yes_S95_ME_L001_R.gene.counts","1155_F_liv_yes","liv","yes",0.0283596895605999
"3-Aug-21",1155,2,1,"F",36.1,35.8,36,36,17.137,17.77,18.063,17.623,0.632999999999999,0.292999999999999,-0.439999999999998,0.486000000000001,"yes",33,11.2,145,5.4,114,23,34,0.2,131,1.38,14,"1155",0.244568385714286,0.252417714285714,1.06866712628354,0.214950497142857,19.7030324166,0.312256065769121,"1155_F_lu_yes_S96_ME_L001_R.gene.counts","1155_F_lu_yes","lu","yes",0.0283596895605999
"13-Sep-21",1158,4,2,"M",35.8,36.5,36.2,36.1,19.476,19.226,18.938,19.022,-0.25,-0.288,0.0839999999999996,-0.454000000000001,"yes",38,12.9,146,6.7,117,20,27,0.2,136,NA,17,"1158",0.290675063636364,0.296721463636364,1.04241157869713,0.250309729090909,34.928188002,0.370211350175586,"1158_M_gi_yes_S107_ME_L001_R.gene.counts","1158_M_gi_yes","gi","yes",0.023310741425344
"13-Sep-21",1158,4,2,"M",35.8,36.5,36.2,36.1,19.476,19.226,18.938,19.022,-0.25,-0.288,0.0839999999999996,-0.454000000000001,"yes",38,12.9,146,6.7,117,20,27,0.2,136,NA,17,"1158",0.290675063636364,0.296721463636364,1.04241157869713,0.250309729090909,34.928188002,0.370211350175586,"1158_M_hyp_yes_S108_ME_L001_R.gene.counts","1158_M_hyp_yes","hyp","yes",0.023310741425344
"13-Sep-21",1158,4,2,"M",35.8,36.5,36.2,36.1,19.476,19.226,18.938,19.022,-0.25,-0.288,0.0839999999999996,-0.454000000000001,"yes",38,12.9,146,6.7,117,20,27,0.2,136,NA,17,"1158",0.290675063636364,0.296721463636364,1.04241157869713,0.250309729090909,34.928188002,0.370211350175586,"1158_M_liv_yes_S110_ME_L001_R.gene.counts","1158_M_liv_yes","liv","yes",0.023310741425344
"13-Sep-21",1158,4,2,"M",35.8,36.5,36.2,36.1,19.476,19.226,18.938,19.022,-0.25,-0.288,0.0839999999999996,-0.454000000000001,"yes",38,12.9,146,6.7,117,20,27,0.2,136,NA,17,"1158",0.290675063636364,0.296721463636364,1.04241157869713,0.250309729090909,34.928188002,0.370211350175586,"1158_M_lu_yes_S111_ME_L001_R.gene.counts","1158_M_lu_yes","lu","yes",0.023310741425344
"3-Aug-21",1168,2,0,"F",36.1,35.6,35.6,34.8,15.885,15.677,15.496,14.702,-0.208,-0.180999999999999,-0.794,-1.183,"yes",34,11.6,144,5.2,114,21,36,0.2,154,1.26,15,"1168",0.194858485714286,0.200753957142857,1.09450952432506,0.209526985714286,25.0528721718,0.24868867737191,"1168_F_gi_yes_S122_ME_L001_R.gene.counts","1168_F_gi_yes","gi","yes",0.0744727730563425
"3-Aug-21",1168,2,0,"F",36.1,35.6,35.6,34.8,15.885,15.677,15.496,14.702,-0.208,-0.180999999999999,-0.794,-1.183,"yes",34,11.6,144,5.2,114,21,36,0.2,154,1.26,15,"1168",0.194858485714286,0.200753957142857,1.09450952432506,0.209526985714286,25.0528721718,0.24868867737191,"1168_F_hyp_yes_S123_ME_L001_R.gene.counts","1168_F_hyp_yes","hyp","yes",0.0744727730563425
"3-Aug-21",1168,2,0,"F",36.1,35.6,35.6,34.8,15.885,15.677,15.496,14.702,-0.208,-0.180999999999999,-0.794,-1.183,"yes",34,11.6,144,5.2,114,21,36,0.2,154,1.26,15,"1168",0.194858485714286,0.200753957142857,1.09450952432506,0.209526985714286,25.0528721718,0.24868867737191,"1168_F_liv_yes_S125_ME_L001_R.gene.counts","1168_F_liv_yes","liv","yes",0.0744727730563425
"3-Aug-21",1168,2,0,"F",36.1,35.6,35.6,34.8,15.885,15.677,15.496,14.702,-0.208,-0.180999999999999,-0.794,-1.183,"yes",34,11.6,144,5.2,114,21,36,0.2,154,1.26,15,"1168",0.194858485714286,0.200753957142857,1.09450952432506,0.209526985714286,25.0528721718,0.24868867737191,"1168_F_lu_yes_S126_ME_L001_R.gene.counts","1168_F_lu_yes","lu","yes",0.0744727730563425
