"","MEpink","MEmidnightblue","MEpurple","MEcyan","MEgrey60","MElightgreen","MEdarkgrey","MEtan","MEdarkred","MEblue","MEdarkgreen","MElightyellow","MEblack","MEturquoise","MElightcyan","MEdarkturquoise","MEorange","MEgreen","MEroyalblue","MEgreenyellow","MEmagenta","MEred","MEyellow","MEbrown","MEsalmon"
"1170_F_gi_yes",0.052270217672514,0.00766464402674516,-0.0433429109784055,-0.0987303575966186,-0.0913810049570797,-0.0731335641145627,-0.0383833130518581,-0.125700455160954,0.118946727348631,0.158098616186701,0.0989406365570176,0.111515983150406,-0.102306400867688,-0.0512424401421803,0.0241195842015813,0.0555315360750747,-0.00434620388275529,0.0650128816045501,0.0698700512685036,0.0185657643322014,0.032791232080287,0.0454221803475252,-0.0439748924481965,-0.0476091789594536,-0.084426886597147
"1170_F_hyp_yes",0.0184247492188712,-0.00428153489365379,-0.0500883016495044,0.0471436433111618,0.0920667165063058,0.101358830047348,0.149718258268688,0.108575270844544,0.0033806429867651,-0.0488275127201699,-0.12232194829062,-0.105365846822446,-0.0919242498756526,-0.0484513774344421,-0.152025349604657,-0.0879790749502711,-0.0955464380541088,0.0321586360443936,0.0970657520015422,0.0650795361955892,-0.0758744551711625,-0.0816327963291954,-0.0433611189233909,0.0256535883069342,-0.0625388839698293
"1170_F_kid_yes",0.128654300440758,0.106873577125592,0.177714199408656,0.0648689318365341,-0.0529219317085309,0.0962832459549897,-0.0381597042184514,-0.001300718702169,-0.0551229843019773,-0.0314290401458307,-0.05297770266843,0.0637503111248293,0.0602114651973389,-0.0358783665068983,0.0266771182523651,-0.0287201683830235,0.0724365156107168,0.0313790580342237,-0.0507742895803953,-0.0381381636705718,-0.0385687560851542,-0.104772755768685,0.11002972268381,-0.0333172823895924,0.0160235501751845
"1170_F_liv_yes",-0.114731208223516,0.0106598888779869,-0.0108537432617449,0.0958346189533655,0.0913447898250519,-0.0683490951332776,-0.0623505014714492,-0.00224818786131267,0.0270483364659464,-0.0650155674880356,0.0121020690608477,0.00563796772394031,0.0999320765450375,0.157787481200488,0.0718443328640113,0.120369750037668,0.0838828778971336,-0.155730798309684,-0.115002951631035,0.00388287312198765,-0.0355035095497722,0.0815377024160997,-0.0799006390886046,-0.0699921009235342,0.0248845103352587
"1170_F_lu_yes",-0.03918849557453,-0.143866780030704,-0.0404174001059461,-0.0855128924502823,-0.0383171576094375,-0.0164722005549987,-0.00532639442436541,0.0469054772742646,-0.0967988406340088,0.0148713851708388,-0.015569456361459,-0.0561075126788867,0.0243148311140718,-0.0201063094797986,0.0345131308221008,-0.0748504265147315,-0.103276599261782,0.061641375531624,0.0207120644191588,0.052665580065611,0.159120305996659,0.0965470469148955,0.105423528992033,0.151545304331042,0.134988190549283
"1165_F_gi_yes",0.0518084816452225,0.00639717193695833,-0.0472084900205101,-0.110045975965198,-0.100241501263874,-0.082870694350782,-0.0444155927754611,-0.140853146668206,0.127261638661486,0.160327945856518,0.114505719911535,0.115265697044278,-0.108319102486886,-0.053446740006498,0.0283596885138119,0.0552494795897846,0.00602767725544617,0.0618791091897594,0.0662561645580857,-0.0211971848169285,0.0399474232842312,0.0399618910099875,-0.0562940270986201,-0.0564616644563567,-0.101905820601008
"1165_F_hyp_yes",0.0231571398664916,0.0112326920770539,-0.0497233563127008,0.0436827313320262,0.0921638629691621,0.1021884457546,0.156326408373102,0.105018903024093,0.0197645283152979,-0.0489368817853451,-0.0932619348418838,-0.110442694661014,-0.0895259440254354,-0.0497805308261814,-0.154736773113552,-0.0855928501826525,-0.0728338459758207,0.00354585720069465,0.10170065582644,-0.0272953784880353,-0.0817680018478744,-0.093271034948286,-0.0493164989582371,0.0234993124461636,-0.0753868372004221
"1165_F_kid_yes",0.127957320389227,0.119357989262285,0.176851141504783,0.0598996327506047,-0.0546131700654783,0.0924671202310132,-0.0432163234002032,-0.0119576761035194,-0.0461017736769428,-0.0335001850400328,-0.0403318966643457,0.0655796077126219,0.0584557779695636,-0.033635507605599,0.027298101374461,-0.0213836645665596,0.0872823618833564,0.0270123518524892,-0.0546000897557746,-0.0750131537932302,-0.0430288364221246,-0.106266914527036,0.104923246708476,-0.041560064386177,-0.00180622125676946
"1165_F_liv_yes",-0.122278100659347,0.00441577667290756,-0.0180910065534777,0.0773894383028476,0.0856145425850065,-0.0774751823283582,-0.0678866518410141,-0.0100315421961688,0.0226737065628563,-0.0653609333683722,0.0417247072405998,-0.000839487281021956,0.09798326254058,0.160825045118358,0.075831883801274,0.132280924107911,0.0890753684049674,-0.158163058499412,-0.121949818781742,-0.0224554243536826,-0.0284513103661911,0.0873432378667688,-0.0854131175528959,-0.0729552430512935,0.0269278387173655
"1165_F_lu_yes",-0.0500228031268914,-0.139555048393636,-0.0458246264733104,-0.0930525280200667,-0.0418099904842843,-0.0307416358224529,-0.014723061351775,0.0452601785932401,-0.103637020106802,0.00753519503831228,-0.00765289401719605,-0.0604653680265531,0.0187069363549283,-0.0233025016760719,0.036899444808102,-0.0754078659646341,-0.0967440045555639,0.0464143398625658,0.0116004593794574,0.0299924585516148,0.164011692243539,0.104632279778001,0.0957800856123797,0.139333170964659,0.131410695459488
"1156_F_gi_yes",0.0382193059932776,0.0371503730888222,-0.0397173822207589,-0.0988470905511546,-0.102281194405878,-0.0840894129691492,-0.0496130439318149,-0.143823924437561,0.138769303692706,0.147427625289043,0.126819133894383,0.123888065054245,-0.102114074459925,-0.0521007665653291,0.0298938642749553,0.076985635434217,0.0308328688935826,0.0405515570506297,0.0494578569705145,-0.0262817215018094,0.0261634683476109,0.0370529374792333,-0.0615457041870656,-0.0653930327358604,-0.10189791768325
"1156_F_hyp_yes",0.0244452260886501,0.00925744279510883,-0.0446192663629156,0.0461531324048867,0.0941906193996834,0.108628416507911,0.15763134249116,0.103218412633505,0.0148355637839625,-0.0495907500502975,-0.0902537689431143,-0.108564452382098,-0.0747304583482584,-0.048647298073738,-0.148868075775071,-0.0831057164528439,-0.0704995490243261,0.0114858892036904,0.102245451510555,-0.0321397372973391,-0.0707374174625314,-0.0790532243584542,-0.0357524227900737,0.0364155797083994,-0.0643147266452413
"1156_F_kid_yes",0.122708245643481,0.104606053748,0.178176553875913,0.05461455582158,-0.0588541062900535,0.0908915205879031,-0.0425671516790809,-0.00933401610186893,-0.0628772017696794,-0.0386237235833284,-0.0532082887987722,0.0606642175278449,0.0664200732399685,-0.0374181635209982,0.02543398968318,-0.0293089701980773,0.07631409990883,0.0311822560480229,-0.0564143822349692,-0.0405463014327076,-0.05290120638409,-0.111508721215722,0.103441107535068,-0.0439614332198526,0.00384446504547897
"1156_F_liv_yes",-0.120567063769226,0.00792321049711225,-0.0112074299707866,0.084708026774368,0.0853681781788835,-0.0727999553474666,-0.0625048590437188,-0.00746591485727705,0.00760764917251657,-0.0700416355109351,0.0292568852362449,-0.00179417469845315,0.106668971556523,0.15327013585961,0.0702798811103846,0.114813334977922,0.091505746517743,-0.147110481947803,-0.118855110330882,-0.00554074307753069,-0.0409140248969528,0.0686048641401485,-0.0887973686779538,-0.0688976691635881,0.0245364940516866
"1156_F_lu_yes",-0.0440057135041825,-0.142063550430623,-0.0400867303619754,-0.0870985357094682,-0.0401251173351017,-0.0226043238294231,-0.0100301895328537,0.044687214515527,-0.102143730655271,0.00916640995640203,-0.0128418149611212,-0.0573771259633588,0.025347468343228,-0.0216640666163562,0.0341339493605879,-0.0709655088683903,-0.0991924733676546,0.057078056197853,0.015619793517533,0.0287646110131596,0.149942579542485,0.0969025501322278,0.101287057220447,0.140113730583274,0.125904641467354
"1171_F_gi_no",0.0564584880666377,0.0336003070243787,-0.0465446870084241,-0.101490165761399,-0.104314719331498,-0.0932514409151928,-0.0541010567392194,-0.160910728568959,0.164911120765136,0.145832531110694,0.112084934136895,0.141567791513521,-0.103279297915743,-0.0592887240864902,0.0377338716356221,0.0788044827306344,0.010263532856435,0.0663403017500447,0.0576579006678515,0.0218166927847961,-0.00434054996461772,0.0135680738748997,-0.0681207518789629,-0.0754477368486864,-0.108342649039841
"1171_F_hyp_no",0.0199409420335815,0.00853952457172392,-0.0410498738507568,0.0442197160002635,0.0890572960723478,0.101072325309614,0.14832262792525,0.0986930966091065,0.0193508083163769,-0.044415219302884,-0.0864196841552941,-0.10392523122233,-0.072639803623854,-0.0480512272457897,-0.14056391678041,-0.0837431840110842,-0.0730851741315466,0.0156042306424826,0.0971537591981899,-0.0114586395621474,-0.0649166633855812,-0.0754508695162431,-0.0280948529697983,0.0370392648779753,-0.0568028432743359
"1171_F_liv_no",-0.122565528846241,0.00578122503748741,-0.0333370986235963,0.0811849768970524,0.0993960835963168,-0.0899884944050934,-0.0614027681649057,0.00489144336246281,-0.00512174724286822,-0.0789581677901122,0.0165844045001638,-0.0144161119520213,0.0945206715359797,0.157499195254106,0.0638249285775363,0.116893720578143,0.0569941625665561,-0.152590709058126,-0.122231973414829,0.157581084689981,-0.0535105348702711,0.0511914312323138,-0.0946915099419355,-0.0744475633237154,0.0366114604051562
"1171_F_lu_no",-0.0512436125519693,-0.143365137891746,-0.0430742722401302,-0.0873785978730042,-0.0388576567720294,-0.0335384192339734,-0.0135781855941017,0.0434414704982646,-0.122518047629113,0.000970686079053099,-0.0184946684768158,-0.0617799702182554,0.0331423392575309,-0.0214111921756096,0.0315764244799487,-0.074122422394422,-0.111689724607889,0.0523323973390862,0.00912766408102027,0.108029515886978,0.125210677622462,0.0732902817565051,0.0959525232137711,0.126940695486228,0.138515826603834
"1109_F_gi_no",0.0351722017081046,0.0266066973777005,-0.0393737059996173,-0.110536608035822,-0.104786241556596,-0.0810695189960484,-0.0474446822502425,-0.144812963581809,0.129447125728202,0.163834679994988,0.160178334205418,0.121311308368507,-0.102712197111619,-0.0562146200149776,0.0306968924541286,0.060497798054185,0.0422975862015753,0.0542378018618935,0.0590629334809676,-0.0941542518334883,0.0404444298229679,0.047649630440696,-0.0529727185520745,-0.0544919088687687,-0.101273996190676
"1109_F_hyp_no",0.0207511772106836,0.0372957678798448,-0.0348159433610246,0.0552068223244094,0.0962088036571211,0.115551907877722,0.141930357234132,0.0950172922322443,0.0254666989265826,-0.0490979862952004,-0.0916668909069197,-0.0952160080047984,-0.0644099464966567,-0.0466466560396298,-0.136972875623842,-0.0822620147507736,-0.0485828528513903,0.0266144030009423,0.0925914330250506,-0.0837423242354064,-0.0667707771654155,-0.0700105724065604,-0.0293009760145274,0.0319618419428397,-0.0549444021221061
"1109_F_kid_no",0.122549461907915,0.132743615219576,0.180889767394484,0.0676263592418732,-0.0589820156469829,0.0895632389329121,-0.0455674102650807,-0.0185423814758016,-0.0505690733506992,-0.0389211259578088,-0.0319617965419923,0.073493363322378,0.0666533441203119,-0.037151380968611,0.0293604746951218,-0.0199106121885268,0.105592561744409,0.0241713455477961,-0.0631822101701559,-0.0843672936374273,-0.058717771326025,-0.119742323519419,0.0930539585174623,-0.049232809627466,-0.00371155549197716
"1109_F_liv_no",-0.109087553954417,0.00326073623007246,-0.00715309020444667,0.0873509950285125,0.0852263915084905,-0.0711804360853964,-0.0619722676423061,-0.00736571566615809,0.0208701498477363,-0.0644103413262789,0.0166993541540198,0.00579312956751693,0.103562282640246,0.152741963389492,0.0724307151652941,0.118010891267856,0.0878551070613535,-0.145592526633347,-0.114187548334462,-0.00154861131173691,-0.0364614586105146,0.0789088378174059,-0.0815646103947182,-0.065984693663258,0.0273994289037468
"1109_F_lu_no",-0.0474838064531119,-0.147017551092765,-0.0429875195021889,-0.0833550137274872,-0.0337825555445297,-0.02553697153734,-0.00839691654085129,0.0547154031285694,-0.116727177363198,-0.00104855027988747,-0.0318724315574897,-0.0642520418529353,0.0247788280208422,-0.0107908487763712,0.0282750790189726,-0.0706934243609129,-0.1151162741991,0.0504614040545015,0.0111751308654995,0.126893379666897,0.122255537449062,0.0732158977192453,0.100094371112371,0.136339127431847,0.144725858598498
"1164_F_gi_no",0.0302252835338165,0.0051738292612722,-0.0305017825249556,-0.094920101730939,-0.0767684160212682,-0.0634911520670962,-0.0379482883281519,-0.102094143247563,0.0652664410478707,0.123930437445989,0.111944668254346,0.0723475328569604,-0.0706253077156233,-0.0409065641261318,0.0321050607475233,0.0137692935710803,0.0113113700982225,0.0639345443825218,0.0490021177054944,-0.0216292451220742,0.0289363074340436,0.0242606041222238,-0.025846567918475,-0.0336393884765285,-0.0666754401664906
"1164_F_hyp_no",0.0215109735432147,0.0303043369036618,-0.034343875937048,0.048191418735088,0.0854398636077641,0.108671976663477,0.137060347422771,0.0874841257060972,0.0229720563508779,-0.0492040935724072,-0.0746133150268383,-0.092071544312759,-0.0573929084686773,-0.0357825776003815,-0.136033618400895,-0.0754049583195302,-0.0349033714075552,0.0192393542850273,0.084216075922246,-0.100930780179928,-0.077858877460713,-0.0806274957210735,-0.0345242256393403,0.026573384112879,-0.0600155154514043
"1164_F_kid_no",0.113891378522966,0.104504118192498,0.167946306929064,0.0558464167917774,-0.0681684505829031,0.0741908793271858,-0.0507741795151713,-0.0215421002890623,-0.0599489763388711,-0.0496488623146689,-0.0294815413777036,0.0578622936114291,0.0609506856916966,-0.0440734922887232,0.0266966549717098,-0.0252825647565402,0.103356439600764,0.0180732875311475,-0.0726615674835922,-0.0321889017065292,-0.0666623189528247,-0.13659843777413,0.0950948644358129,-0.0572149076144049,-0.0059163467995709
"1164_F_liv_no",-0.122098017862734,0.0469529950279988,-0.0130480449473591,0.0885450218645718,0.0840295228432898,-0.0799281319363818,-0.0712951237568844,-0.0115720377142022,0.0166782532079589,-0.0764666748617963,0.0576646801645258,0.00320317930304793,0.106199409545334,0.156655467000913,0.0791472815128314,0.129938630321114,0.121065042399414,-0.156485567123024,-0.133171154209917,-0.0437768447891365,-0.067941388748118,0.0357589655308905,-0.0892468922778618,-0.0850976759958818,0.0194363225725508
"1164_F_lu_no",-0.0446182641442902,-0.153577679524321,-0.0440500440121571,-0.0898186430186205,-0.0404452085915095,-0.0296095766814969,-0.0119039998794062,0.0517760736058456,-0.117958769454949,0.00139223869574052,-0.0376355073317816,-0.0616415941086887,0.0351729052760459,-0.0186716536667644,0.0384170710843451,-0.0690695413959711,-0.112214577829478,0.062343800288231,0.00976222212356869,0.10160451074094,0.127600546198476,0.0798221019321269,0.104535482487695,0.137483471289158,0.139047422392322
"1010_F_gi_yes",0.0210706052689312,0.0268670270123059,-0.0411037165427615,-0.104246075246387,-0.107521849632705,-0.0890991495446688,-0.0525759528224605,-0.145261596320836,0.121988900779994,0.134213073755643,0.142098957063456,0.105990190740695,-0.103009856558546,-0.0596582001313546,0.0239173375471249,0.0634910534233289,0.0349628116182339,0.0366073541446333,0.0401217350769538,-0.0729201094839118,0.0374510507582182,0.038488050658505,-0.0727964397790694,-0.0655060716047558,-0.107948660833619
"1010_F_hyp_yes",-0.00279799327378243,0.00230517902371121,-0.0544855286804995,0.0384476959966703,0.0812716926652928,0.0857083101380299,0.130984505869607,0.0924816864094421,0.00703547568084808,-0.0579940211238564,-0.0924161991001254,-0.108012392037041,-0.0918696961972378,-0.0576012376867743,-0.159209835901251,-0.0918699796984501,-0.0743223681268079,0.0301509822455118,0.0870242040231736,-0.0105621251714076,-0.0913449854649424,-0.0879282579270673,-0.0608701052362727,0.009480534979522,-0.079892541950472
"1010_F_kid_yes",0.116858906348644,0.09314714929287,0.166652142771165,0.0592000290962426,-0.0535681099759315,0.0883759372987976,-0.0402924850670713,-0.00424259732066664,-0.0645476438286448,-0.0429545663752921,-0.0565729613009879,0.0608944242212736,0.0680874565655846,-0.0342783607775719,0.0275057662301001,-0.0247748707592131,0.0711422909850235,0.0301916325275593,-0.0566152140048718,-0.0046716588726142,-0.0500681182551855,-0.107646395613183,0.0992861524474643,-0.0428211095438744,0.0122947526368006
"1010_F_liv_yes",-0.129697704375099,0.0250289858272748,-0.0221958820641614,0.0691911420062284,0.0803899683547656,-0.0868437341407458,-0.0709526287369285,-0.021077185740241,0.0242902599416831,-0.0758817661396603,0.0633477348376813,-0.00147452544512568,0.0976983702320946,0.148020886941083,0.0772428856442826,0.131951985218679,0.106247053970675,-0.158977103062592,-0.128140921360126,-0.0430390528501773,-0.0520743271876168,0.0598454247117033,-0.0959076120841461,-0.0821197920118375,0.00818235577072962
"1010_F_lu_yes",-0.0532369644339538,-0.12401285222596,-0.039939044142145,-0.0933985528380933,-0.0493248381476808,-0.0384100806327917,-0.0219464835324395,0.015339004531004,-0.101805829871566,0.00315913802227922,0.0280708457717771,-0.0550058036166534,0.0345398342417916,-0.02497057730488,0.0353836622722456,-0.0652557752618505,-0.0683034783021775,0.0494889038123285,-0.00253466373891568,-0.0367385229742446,0.146246192739346,0.0861993774309776,0.0899149889981886,0.129582502510353,0.104371753642447
"1154_F_gi_no",0.0335487478095839,0.0117345647758629,-0.0418466594522914,-0.101743093968631,-0.0940158093754104,-0.0760316316296202,-0.0393925296853129,-0.130207612688557,0.114806983021983,0.151356041795114,0.131043822916059,0.105862482367962,-0.0936441832113175,-0.0477456273107424,0.0201375213470457,0.0482302189717419,0.0221146999772188,0.0566582640875953,0.0602682869354555,-0.0649069109774223,0.014682398245987,0.0205365832608224,-0.0465554106630105,-0.0518360066339917,-0.0970308291626818
"1154_F_hyp_no",0.0067822976664725,0.00240446547192018,-0.052534200199714,0.0414816753003711,0.0824481228192993,0.0907093394754595,0.136092858921545,0.0953512126850222,0.00486469422661043,-0.0504748890479216,-0.10569362552425,-0.105438944966085,-0.0914674217141786,-0.0504275608680512,-0.154603294550134,-0.0875382199677397,-0.0811823571171333,0.0243133700485075,0.0901022201294278,0.00642721722877931,-0.0842254215412967,-0.088584559573902,-0.0494531301300974,0.0222855022410791,-0.0726580827356155
"1154_F_kid_no",0.125609432554919,0.107036466042153,0.174252608923246,0.0591925786188221,-0.0649326678628218,0.0854559167094772,-0.0437170032275607,-0.0154193464512489,-0.056322070775857,-0.0269300859109609,-0.0498899360006989,0.0637933123572759,0.0605879444692196,-0.0413705152015687,0.0257621970677367,-0.0255988531823008,0.0795458468569103,0.0279784769739914,-0.0552544628664313,-0.0383009642090051,-0.0557955982828134,-0.114728600733019,0.0987294307886131,-0.0465902820357782,-0.00193074402158413
"1154_F_liv_no",-0.11486698023452,0.0119733691790407,-0.00555207284485425,0.0901855995282309,0.080437772398902,-0.0741611796287212,-0.0651509553416502,-0.0130534983280232,0.0130964598022304,-0.0691350809002578,0.0390928346734108,0.00277338644732106,0.102360090360853,0.150545120383433,0.0694863216317096,0.109781178010859,0.103842117495328,-0.159139540951893,-0.121556701157963,-0.0380224390369718,-0.0463593871295078,0.0633474254976187,-0.0834234934931449,-0.070961541740709,0.0227528997455201
"1154_F_lu_no",-0.0432225561390912,-0.138172141790361,-0.0409953652956411,-0.0940283445465108,-0.0527810472826093,-0.0238495321514316,-0.0133951478637438,0.038143131457153,-0.105500615875952,0.0120844850618945,-0.00923359814042775,-0.0557747006758634,0.0220496429387677,-0.0266167448985621,0.0310170686426108,-0.0768224342800599,-0.0944482068962183,0.0573190258302956,0.0135189302995466,0.0211458749472087,0.14401479405755,0.0833673398647535,0.0952175671977917,0.146080564614271,0.108921243196392
"1151_F_gi_no",0.039871708484193,0.0162533615009059,-0.036520448421137,-0.100352896881357,-0.0942823954743557,-0.0715934610350783,-0.0407639636529249,-0.127531323155791,0.114105223675246,0.151102453762081,0.125155309428183,0.105788489525336,-0.0965841965769118,-0.0515959603323586,0.0259649059792519,0.0422755756384614,0.0149482051730215,0.0690309412424676,0.0605038033297332,-0.0759427361635075,0.0259991761079582,0.0276826480091295,-0.0395830352167429,-0.0477035457783169,-0.0916647728997475
"1151_F_hyp_no",0.0181785386573046,0.0322771054577899,-0.0455442441332611,0.0525494825762344,0.0989527977687538,0.10584487928911,0.152313332124039,0.103325471827522,0.0315089837262584,-0.0484758394943818,-0.0831320271514977,-0.105930000122245,-0.0858847659934043,-0.0460699509978591,-0.155327463409612,-0.0765383030265057,-0.062103063862912,0.0126956953313962,0.101961660705584,-0.0799766892190718,-0.084281575897007,-0.0867127746220271,-0.0531004984111184,0.0179802758683279,-0.0826607923716261
"1151_F_kid_no",0.132500243168649,0.112251400013405,0.17899953299099,0.0679940720868119,-0.0520808043513709,0.095596798304981,-0.0354329839106589,-0.0012646931220675,-0.0589223320347384,-0.0375784742927925,-0.0607915251613883,0.0651693349459841,0.0606264366003882,-0.0364594580099057,0.027516495137171,-0.0259609383917616,0.0710139979357567,0.0278710748039346,-0.0528906191701796,-0.0209115404224164,-0.0506768074263468,-0.110530332619359,0.106962449518002,-0.0394356006973627,0.0146268220455034
"1152_F_gi_no",0.0587960811767753,0.00863126478405794,-0.0439983820143704,-0.111632059865347,-0.106147024461463,-0.0816946232967673,-0.0440844352505372,-0.141942054678305,0.147573154531405,0.152327503519535,0.0948271842463462,0.134696336785641,-0.100903306131136,-0.0573517264634301,0.0323174144756008,0.0659284291058004,-0.00183052827360726,0.066074535607169,0.0703011143378066,0.0244478368313496,0.0283079745123273,0.0513335497462054,-0.0604543168392161,-0.0595373502291385,-0.101572358729376
"1152_F_hyp_no",0.0310500667355869,0.0220442453826303,-0.038007199201803,0.0501356872896069,0.0912335896536011,0.111457214287916,0.14364999623531,0.100215968356634,0.017324802736034,-0.0484409824467704,-0.0809895140018933,-0.097373673874372,-0.0628578862340382,-0.0471594829111142,-0.134404169701293,-0.0814314034920121,-0.0518930411613473,0.0256292948642569,0.0931919252772488,-0.0671752517260979,-0.0659243751687765,-0.0654801986108752,-0.0336930051847313,0.0276570969912908,-0.052058568571613
"1152_F_kid_no",0.133668686785715,0.101701124693917,0.172725951320079,0.0606232305469221,-0.0517797522965364,0.0895720532760983,-0.0404616837360034,0.000811125580570252,-0.0596724784771101,-0.0406900866391167,-0.0672515479457289,0.0614960076365892,0.0640917699841384,-0.0377918962281937,0.0279232990707544,-0.0257538917863179,0.0633359561137818,0.0313452104099347,-0.0521544999168405,-0.00726742600403487,-0.0530651271562173,-0.118793484557681,0.102194675735479,-0.0417404858288254,0.0108122427750453
"1152_F_liv_no",-0.121995780933091,0.00987363270429726,-0.009242438547733,0.0840672956771667,0.0881987432044543,-0.0697969157158404,-0.0624957624609713,-0.00881266088674019,0.0110916689517647,-0.069452818394684,0.0255738333351722,-0.00186559402663817,0.106400900361767,0.153911185701641,0.0718946729234247,0.116002632954401,0.0896177633645403,-0.14549765892311,-0.117779549006837,-0.011462794765308,-0.0358467822105684,0.0760659103733859,-0.0814944337192235,-0.0679002676083905,0.0328955616824971
"1152_F_lu_no",-0.0354634887787143,-0.152489528326731,-0.0432486585273831,-0.0882706147190705,-0.0363632595087738,-0.0194544476505388,-0.00294594617083379,0.0544286613324056,-0.106015641677179,0.0104613713923929,-0.0365291744796661,-0.0611087258593719,0.0226333892770834,-0.0182344721383724,0.0326780978889647,-0.0740153143714439,-0.11589491233162,0.0621603720385095,0.0221435500095142,0.0920505557574878,0.158308338391681,0.0913113755793386,0.104087589129219,0.143372667800878,0.139401005009127
"1108_F_gi_yes",0.0300643784415874,-0.00530141693360656,-0.0428579528616253,-0.106362499603344,-0.0975058410603515,-0.0778347320113392,-0.0386593680672501,-0.118837107880227,0.0987409317817366,0.150292316308181,0.126932733018631,0.0965776980302969,-0.0983006225343279,-0.0576658474735668,0.0199017139844141,0.0352323987607658,0.00590240572404368,0.0600302169456606,0.0606804412859923,-0.0554841311304117,0.03420188209745,0.0401782275944448,-0.0449977598652006,-0.0447015482471182,-0.0875424599124752
"1108_F_hyp_yes",0.0137538314341854,-0.0027115339264148,-0.0498993935404199,0.0507803129022655,0.0920668873278127,0.104847607771291,0.153389611417289,0.105026463922919,0.00884398332259298,-0.0524005035922344,-0.119435832806114,-0.107657966011509,-0.0880174730000799,-0.0496585532153928,-0.152956318226667,-0.0883482419233855,-0.090381236793308,0.0298816908056325,0.0995573172094342,0.0509234594703541,-0.0781895982171231,-0.0820630315387501,-0.0450872817347027,0.0210030435123308,-0.0661848395327745
"1108_F_kid_yes",0.117091456416459,0.119169133354406,0.177498338002875,0.056745121955637,-0.0675508987899683,0.0831092233464601,-0.0504486577736833,-0.0254834430399514,-0.0637701794644401,-0.0449273247372979,-0.022631938807019,0.0636375191803335,0.0615647329950796,-0.0449878893062966,0.0257850505018802,-0.0290500642421707,0.105511882233665,0.0236701106593824,-0.0687938571216439,-0.108708432870241,-0.0671442512886951,-0.133992898939618,0.0920657936047804,-0.0572635063936129,-0.0114475706033417
"1108_F_liv_yes",-0.133035343134025,0.00557081815751459,-0.004759443774187,0.0757971706048633,0.064104464871538,-0.0763270242823022,-0.0716289316717196,-0.0265118871951587,-0.00341056557470192,-0.0712602904656824,0.0700224372972034,0.000741170581179582,0.100236564442523,0.139900432550196,0.0667475667921565,0.10737919009965,0.113747396857566,-0.14787638689519,-0.132147491446377,-0.092535382492976,-0.0480050566449303,0.0701116283971534,-0.0903418643104732,-0.0776048660312745,0.0045952867575977
"1108_F_lu_yes",-0.0489503432739671,-0.132403950547413,-0.0398984351064483,-0.0966705286489645,-0.0488374498642033,-0.0262249725630961,-0.0120448629266404,0.0282853457231912,-0.103844457199708,0.0128676328841986,0.0221791822963876,-0.0562895788048389,0.0242448122820991,-0.0263586753031489,0.0315590713611071,-0.0749634388378629,-0.0803495204118924,0.058746123632374,0.0113761401496407,-0.00945045425817601,0.149984506693276,0.0838408347261239,0.0968958491912095,0.13767726908663,0.111776070602404
"1051_F_gi_yes",0.0105313997290644,0.069105631076084,-0.0374525853986357,-0.130214164238067,-0.131176091264347,-0.101097193198305,-0.0649235001039748,-0.192276263002531,0.160563905321068,0.162513829726665,0.237182433937125,0.1385942544714,-0.115228824216233,-0.0703553219182825,0.0310480057037518,0.0723896454265815,0.108098931919734,0.0411340131338398,0.0385004442781483,-0.286393257552994,0.0372136607864481,0.041101542822032,-0.0812187709872989,-0.0782779997715333,-0.155162742499489
"1051_F_hyp_yes",0.00483371118792159,0.00445306898328002,-0.0546174115165377,0.0431455865444736,0.0844999209992178,0.0964027385139912,0.141495244457893,0.0919967951545424,0.00757902258511845,-0.0554494870612493,-0.0987996906206617,-0.10349579739785,-0.0830004314921965,-0.0564901180739664,-0.154754628835949,-0.0922337093719737,-0.0749000469907873,0.0260405820079967,0.0877969354909285,-0.0239029094262338,-0.0820626494345785,-0.0830455044316681,-0.0490225276069376,0.0156413386635786,-0.0735182889658686
"1051_F_kid_yes",0.113165681944504,0.128725311580769,0.176878537436503,0.0588024041073297,-0.0712418716358087,0.0863866823473718,-0.051694664918934,-0.0294020747448021,-0.0501718114353842,-0.0477158573924731,-0.0276652739106375,0.0645822393585606,0.0583356735018966,-0.0458386506249053,0.0229009350594553,-0.0199477319346964,0.107248306026139,0.0209396031421264,-0.0723277524151753,-0.108823262834519,-0.0632374986040395,-0.125925139678609,0.0849999789310239,-0.0592689188677799,-0.0254894579498709
"1051_F_liv_yes",-0.0950509685723604,-0.031832717910264,-0.0178776343586791,0.0418558489814859,0.0542047282754691,-0.0711572994823883,-0.0537182178063815,-0.0163949124983715,0.00409117988117609,-0.0245715282396466,0.0345008671687938,-0.00545947686419302,0.0805345951071693,0.128529245779371,0.0665539610065585,0.0910864549397716,0.0464610853782679,-0.102342627571832,-0.0747416737091706,-0.00118892264162098,0.0637316502910406,0.114987292588003,-0.0572469492493965,-0.0432555988789239,0.0208109973134959
"1051_F_lu_yes",-0.0456131566287057,-0.126801332882062,-0.040779900213652,-0.085746149021289,-0.049716417315437,-0.0280510559463189,-0.0171908145999335,0.0281163988427693,-0.0947557615929298,0.0183625916673152,0.024772273188401,-0.0412330649048635,0.0206352977073742,-0.0289621587997701,0.0293075975184752,-0.0667079105760025,-0.0679556060384744,0.0541042708682538,0.00627107436385263,-0.048730609333119,0.136492088199635,0.0772855824702519,0.0977700704251273,0.141272490499596,0.107697153327122
"1157_F_gi_no",0.0629608705092466,0.00245262405872989,-0.0555029623762613,-0.109561223196179,-0.102980689356295,-0.0959351545408633,-0.0493514141299971,-0.147820342062894,0.156474876048753,0.149241821207751,0.0756323493555509,0.136253230006733,-0.104601810113377,-0.0582313527813585,0.0387159971217296,0.0926594955829632,-0.0236312423299955,0.060787637054991,0.0680260037841841,0.136717950604238,0.0142979664996305,0.0520915411372434,-0.0603342162084327,-0.0661137185258496,-0.0777445289135784
"1157_F_hyp_no",-0.00140651418215661,0.0391149019790665,-0.0467009798158633,0.0433059710201668,0.0736466046270553,0.0849907750984914,0.12289361577777,0.0645043677379115,0.0181870958358144,-0.0489447465487242,-0.0592758849831971,-0.0996045033383636,-0.0867462868036189,-0.0569093512872302,-0.149866019443498,-0.0803277091051621,-0.0416813227435094,0.0132264577901797,0.0779837598540787,-0.117136120422074,-0.0844202725738547,-0.0932374176324106,-0.0540427900001005,0.00256957841413461,-0.0750427557943963
"1157_F_kid_no",0.0789208501463575,0.129121842100251,0.161098329166648,0.0497789555515721,-0.0744129692472556,0.0482292443841069,-0.060189733864022,-0.0465803995445241,-0.0598449178624625,-0.0399544825105443,0.00802605554889036,0.0615073857573826,0.0643980471601088,-0.0412378866703868,0.025431605006596,-0.0177188675024458,0.122579970398375,0.0114169153717633,-0.0792574388609722,-0.142825796271552,-0.0652046653469776,-0.122369973989152,0.0786034010157527,-0.0606991944594417,-0.0246069162797852
"1157_F_liv_no",-0.136536238365716,0.0212025822444693,-0.0338129376462,0.0746886041290003,0.0848168787424334,-0.097777230453897,-0.0678098746614565,-0.0145897755730231,0.015083410570196,-0.0810139287758492,0.0227639638227256,-0.0130322918678603,0.0913105336572966,0.14568133325714,0.0694439443114608,0.130056553634482,0.0728306325513945,-0.172001315971859,-0.128362599782267,0.11308405310629,-0.067109746486394,0.042049858948511,-0.102877695982139,-0.0878726113244985,0.0163005181079648
"1157_F_lu_no",-0.0603285485526535,-0.132144983730736,-0.0440259465605073,-0.0880131431087379,-0.0421066658535517,-0.0406674056865833,-0.0209914681288976,0.0357440511189423,-0.11346310614796,0.00199995127314188,0.00100029114738051,-0.0578056077229013,0.0338018653253704,-0.0243839997795581,0.0374294641333602,-0.0662996583050277,-0.0881546414525972,0.0490718833283455,0.000612714358028849,0.0410010543209047,0.115817100314044,0.0674825425349235,0.0901625308328369,0.117259899744162,0.123349314151815
"1175_F_gi_no",0.0565425638052649,-0.00993285410759561,-0.0539429748177682,-0.100146662059989,-0.0928215811919047,-0.0817525603069433,-0.0372914527460125,-0.122550792925772,0.149058259593827,0.148642880957894,0.0918734339063511,0.125397815633968,-0.104624023975679,-0.0511730300409204,0.0304936260162921,0.0767946005242515,-0.0279808776034497,0.0655762943601656,0.075687542033857,0.135905702120525,0.00246920369827889,0.0237486370389317,-0.0510698214694515,-0.0542825553075484,-0.0673145198103243
"1175_F_hyp_no",0.0261858992609925,0.00770040030030814,-0.0444830040716238,0.0503678802374318,0.0949260995698743,0.111415458226863,0.147768427736618,0.105129599635748,0.01238564704965,-0.0485085365879208,-0.108197044078682,-0.104478699053145,-0.0694908159479127,-0.0372051107917422,-0.140110168909718,-0.0803452838811876,-0.0797970420735996,0.0123070557388858,0.0993448321824042,0.0357509871992108,-0.0631076867328868,-0.0700268075499758,-0.0258059382467539,0.040030898023814,-0.0419026197604007
"1175_F_kid_no",0.0963552330049445,0.0602490062269895,0.13191794743234,0.0377828410720665,-0.0458089910113273,0.0576123080970713,-0.0356626572987105,-0.00256201587732185,-0.0711526489834616,-0.0323708418348675,-0.0602741929598728,0.0397200345038259,0.0434501862769202,-0.0320656214565372,0.0182890835937973,-0.0284649093696109,0.0214112232239481,0.0268653163723609,-0.0394087584262519,0.124596818764552,-0.0384469346006165,-0.0970305846966072,0.0887044332138253,-0.0325955195642997,0.0351198971502945
"1175_F_liv_no",-0.117712119450965,0.0117873673224113,-0.034930581925993,0.0747313305122351,0.086103437800582,-0.0839734581277854,-0.0582597966933753,0.00161634345262247,-0.00189583529161075,-0.071939504571232,0.011909632953471,-0.01455504627244,0.0793414668890171,0.144396954872566,0.061568403684465,0.110679703746139,0.0518032134288414,-0.149882522348437,-0.1091102497662,0.155650706902816,-0.0530520504170212,0.0338106599674047,-0.0942005625421379,-0.0766786791640595,0.038067630801628
"1175_F_lu_no",-0.0467624741054585,-0.162162782014816,-0.0541573751037775,-0.0897417708535811,-0.0319187868806748,-0.0338557864349086,-0.0126392037505642,0.0556636227366663,-0.119888325919799,-0.00779314695625034,-0.0728216958966464,-0.0682646393943929,0.0272766845902625,-0.0201908197091122,0.0278244404387206,-0.0739766794906551,-0.148240504077887,0.0479068606119223,0.0149899288942253,0.213894237079462,0.11456793736687,0.0775309639894396,0.0982137043382319,0.126896640087709,0.159893087748401
"1174_F_gi_no",0.0395658541554787,0.0184594899192636,-0.0423184737662785,-0.102874240285666,-0.102760172620116,-0.0827672865865595,-0.0453412964315023,-0.142699669152713,0.14324926174086,0.157095610173122,0.146951908392225,0.12718896030862,-0.10041057946883,-0.060640398607542,0.0277808309576155,0.0660509381412939,0.0295642668994159,0.0668207582130026,0.0621996360742558,-0.0729592128099365,0.0097014666111554,0.0208997004024236,-0.0576163417673566,-0.0611063567435391,-0.101561030255861
"1174_F_hyp_no",0.0381761481032094,0.0107291704951484,-0.0509841074223836,0.0565951276647307,0.111700735260251,0.11602254440824,0.168301115217622,0.123857246061665,0.0285705201587317,-0.0525892988767623,-0.120559610523004,-0.111396563009463,-0.0876967071926983,-0.0462532388371176,-0.159755280465226,-0.0832976591862806,-0.0905456963873794,0.0111557273855055,0.114549697560584,0.0491907537797931,-0.0806014724347569,-0.0854944819047514,-0.0461736303770575,0.0265037607259031,-0.0599866104586063
"1174_F_kid_no",0.119592021733912,0.0695759499621119,0.151116976084145,0.0537831427988831,-0.0495277967246467,0.0772096624602773,-0.0362653592566057,0.0114649251380757,-0.0715305253787882,-0.0373789746997286,-0.0750537632764748,0.0475604177735332,0.0588929312875266,-0.0327959296779538,0.0219064258502829,-0.028529713416097,0.0389600452480549,0.0332173704690192,-0.0451826499401621,0.0759788506227601,-0.040549417188686,-0.107814582746531,0.103642135531384,-0.0334584744614866,0.0302284302205499
"1174_F_liv_no",-0.122905020059108,0.0227051761051123,-0.0234268575389434,0.0909275772291532,0.0898924302913703,-0.0836346590795695,-0.0654921269792481,-0.0044103474352548,0.00853166738323004,-0.079453817318788,0.0332114039271272,-0.00513125686153861,0.103055119682598,0.151863839375887,0.0678291099742541,0.117392617274555,0.0906022380355679,-0.163573320923848,-0.128613094992042,0.0593384168152531,-0.0622632948217684,0.0481507627804919,-0.0979115007266808,-0.0829674837208946,0.0258732132541644
"1174_F_lu_no",-0.026917385762569,-0.155183848606285,-0.0340245566823391,-0.0747746114756431,-0.037501441810277,-0.00882798848616339,0.00748984981856058,0.0644549251795076,-0.118186625122708,0.00565203668217281,-0.0346887403470747,-0.0560305547466902,0.026630633890739,-0.0162753003511612,0.0269812351622187,-0.073606474420457,-0.119772130614784,0.0592293412387057,0.02154811985343,0.17469709577427,0.127698824201164,0.0860720900367652,0.114303556152455,0.151894384070034,0.138383111023053
"1127_M_gi_yes",0.0347427277429312,0.0156952257105745,-0.045203110992297,-0.112970114483106,-0.10395801223351,-0.0860317157237719,-0.0520447951829945,-0.147611021333745,0.124911785415113,0.162669107965037,0.138277484828342,0.110449415755309,-0.104520312555746,-0.0584649157229594,0.0272562252156631,0.0537805024355926,0.0215787428938729,0.0585749909943244,0.0601761829098378,-0.073304943344734,0.0334866076766453,0.0419879564063315,-0.0580981194227132,-0.0631442369150294,-0.110104570203432
"1127_M_hyp_yes",0.0136091245656195,0.0332477927482733,-0.0474205544888236,0.0469431510763514,0.0938363411446772,0.100097956677316,0.147872160845422,0.0941855284241026,0.0308258219349071,-0.048886814724626,-0.0692809205338288,-0.105669695098058,-0.0892409618544289,-0.049452013994809,-0.156342005164406,-0.080094821820096,-0.0538190200208038,0.000529880367382302,0.0961443139297052,-0.100229076698301,-0.0817227990274845,-0.0934789101560629,-0.0539117558084052,0.0172207887158971,-0.0856452950346017
"1127_M_kid_yes",0.133158603408133,0.123452340988345,0.18474180783621,0.0660863207519019,-0.0624165369654971,0.095442907976011,-0.0451407064295755,-0.0156091697944586,-0.0511815360087691,-0.0410861981735329,-0.0403937426811095,0.0676602944618387,0.0601573149335627,-0.0380424778016949,0.0215486711573577,-0.0275035099808731,0.103085308417977,0.0273561985660531,-0.0651722761759018,-0.056532017462998,-0.0560511810766498,-0.128771405096024,0.102495843594671,-0.0495186467867031,-0.00404039029892548
"1127_M_liv_yes",-0.121510103804443,0.0185154191160202,-0.00601336279496252,0.0888084593308459,0.088732411408112,-0.0714942885082696,-0.0652479706993602,-0.0137279597805161,0.0213590720672667,-0.0639525664789179,0.0283225425665138,0.00599361647520807,0.106401849547252,0.160399532800713,0.0742611515683411,0.120453041557252,0.101423976223822,-0.149964068814259,-0.121499127055301,-0.0478534648626857,-0.0298844750674839,0.0805977422002748,-0.0804143437129375,-0.0694841786436109,0.0151043301727735
"1127_M_lu_yes",-0.0680335145400386,-0.105326298434963,-0.0349706752582209,-0.0907059388451697,-0.0620560686250106,-0.0373979500746298,-0.0238018140190356,-0.00464289372550276,-0.0872876608966347,0.0144196093577746,0.0605302201280656,-0.0492314304330751,0.0199029630012828,-0.0302385933468947,0.030080656704061,-0.0715511942926394,-0.0403125048153636,0.0465394038503678,-0.00579007587891319,-0.154474134658076,0.147129870965615,0.0793735419980153,0.0847955085451241,0.121014451847646,0.0832564457877901
"1119_M_gi_yes",-0.00955009550711904,0.0606954797873411,-0.0310693071091158,-0.111815754330347,-0.10647789152396,-0.0879889887987157,-0.0489219526783569,-0.171753440791395,0.133872114417285,0.16249386195373,0.241824796467771,0.113616486009273,-0.105889683061529,-0.057940746393574,0.0183185606825463,0.0595190396029864,0.107852386987449,0.0322147357663989,0.0427547464438095,-0.281792476912281,0.0631022971648073,0.0495288331822967,-0.0708833791371077,-0.0607115024931318,-0.131529460704461
"1119_M_hyp_yes",0.0194819457121678,0.0174985792199773,-0.0374593064854483,0.0448032361962755,0.0841872046454064,0.101471103580816,0.135658753569534,0.0849098238484969,0.0101366979508731,-0.0455455096005456,-0.0843256671437032,-0.0942924221757635,-0.0652130796868928,-0.0479803221075855,-0.131997708594524,-0.085056719136932,-0.0550993385446671,0.0277058429444992,0.0855073027414257,-0.0647680546961103,-0.060067349177437,-0.0594656711549857,-0.0319121083939993,0.0282745580147362,-0.0583510538252554
"1119_M_kid_yes",0.131309547718321,0.115279085233619,0.177568611174147,0.0617242889560045,-0.0568739541672205,0.0922676148824991,-0.0433969617858134,-0.0101785733125453,-0.0509256611215399,-0.0197061205578855,-0.0409087150868712,0.0650481846635399,0.060945772409123,-0.0354699759534322,0.0264916986694371,-0.0189174304519348,0.0824641330241875,0.0306970898036717,-0.0526243828328054,-0.0400363343362266,-0.0475149875555225,-0.103108718548163,0.095003823605122,-0.0468610444934537,-0.00265116124847461
"1119_M_liv_yes",-0.116829112653944,0.00746062451636775,-0.00625808451794658,0.08921378115296,0.0900874541637768,-0.0661192660636552,-0.0611449983683752,0.00185154757799107,0.0152568572715318,-0.0620879858348885,0.0302912485417656,0.00261214144977038,0.105020959613179,0.163199144171814,0.074259568097569,0.114274629417961,0.092098920409898,-0.141472696553821,-0.114695493125307,-0.0242787200087387,-0.0257329881869561,0.0895461596310141,-0.0784324518969122,-0.062603506746573,0.0312600061138796
"1119_M_lu_yes",-0.0322695003332528,-0.137466515389733,-0.0365286094320052,-0.0836982936688122,-0.0446808328745198,-0.0153320107237121,-0.00832534936689668,0.0460326823464133,-0.106061711086031,0.010224411269793,-0.00469973674144303,-0.0529134465452077,0.0237189469429581,-0.0192593864378044,0.0344819174919382,-0.0704434358510826,-0.0907782922509972,0.0625557154110421,0.0146418735179979,0.0448691247888479,0.140045759916178,0.0886952301756256,0.108472737511049,0.157884600913486,0.122832611923134
"1081_M_gi_no",0.0245515097423586,0.00507279371927946,-0.0431842564554562,-0.0924818983303783,-0.087849374903358,-0.0760222471799742,-0.0379437991979044,-0.113482460743106,0.102773273983561,0.133343277785281,0.127850555883563,0.0969129375527877,-0.103313076113217,-0.0506383999413834,0.0211945764976531,0.0536299592250095,0.00718299883790454,0.0470946394410326,0.050125747605771,-0.00563871681505379,0.0234735951240795,0.0196373666862114,-0.0542145858612769,-0.0527574551186637,-0.0848960878780721
"1081_M_hyp_no",0.0247475007142215,0.020227825812388,-0.0503536570108167,0.049880370019896,0.102108862718398,0.108736922648274,0.160901888818032,0.110899769243493,0.0240542523448415,-0.0540239138669321,-0.0913355226295181,-0.113580659833075,-0.0864038527588683,-0.0513727993313627,-0.158304657493649,-0.08153572576965,-0.074248700184485,0.0057004332968493,0.105065679918238,-0.0135567526227388,-0.0810611732232708,-0.0915368239580409,-0.049415844448151,0.0240250656665997,-0.0739244042923426
"1081_M_kid_no",0.119112721830413,0.1026069656006,0.163246400391787,0.0666445635878067,-0.0469953795929453,0.0757435282799521,-0.0417651998248146,-0.00513173757288932,-0.0591713175289214,-0.0402037137574947,-0.0566766079584164,0.0592538622558043,0.0648631214881688,-0.0312025636303074,0.0302837319347646,-0.0180356470534313,0.0741877357927463,0.0194196645581567,-0.0572212218355898,-0.00857712111628815,-0.0453089953147091,-0.110995510714989,0.0994844203029144,-0.0402258584503303,0.0199566863966884
"1081_M_liv_no",-0.114534223884043,0.0166007595868647,-0.00598132770686809,0.0886097753953137,0.0836845899621066,-0.0698268003775282,-0.0663429996633493,-0.0133507952962207,0.0232841487211699,-0.0662526297262072,0.037896046873736,0.00624879910501782,0.101557531629541,0.156757461290052,0.0735376695845567,0.115597425289577,0.102653629451763,-0.150526422435711,-0.122806584623242,-0.0683443431471208,-0.0367399827616294,0.0785022247789926,-0.08052394266287,-0.0683670520494961,0.0243182462830539
"1081_M_lu_no",-0.0372375886680527,-0.12659285101893,-0.0370620203744789,-0.0836278540167845,-0.0319457353307342,-0.0198000492653423,-0.00813142359420058,0.0434896567710186,-0.100430366130619,0.0109336183766875,-0.0112242466719525,-0.0528226298728883,0.028157204447731,-0.015821920699045,0.0320541350689944,-0.064052808002091,-0.0922608556103426,0.0503044617249095,0.0134012510764554,0.0529091972748439,0.136754086171617,0.0810615197254616,0.105283385672389,0.154028009801346,0.132255047193041
"1132_M_hyp_no",0.0121298335788286,0.00311140418932825,-0.0441695739501486,0.0426547012390044,0.0851669066691167,0.096428648356627,0.138095973147025,0.0952292020864097,0.00574675244899073,-0.0471134858090271,-0.100436413878185,-0.0998725942594949,-0.0836977142119134,-0.0505563210543229,-0.14378661888452,-0.087910262185813,-0.0784182691415483,0.0286016232207738,0.0885637971900727,0.00420501141109314,-0.0682062584313068,-0.0701117191990869,-0.0380211231409761,0.030039085588845,-0.0615817665498452
"1132_M_kid_no",0.110304178368058,0.109357612880319,0.165813830217438,0.0560632171574086,-0.0597971204016506,0.0743140716170048,-0.0452351218796914,-0.0198855455985672,-0.0658901672055649,-0.0383196157131084,-0.0238732667580821,0.0606442362580141,0.0646757238638957,-0.0402419484210907,0.0247864096570796,-0.0279678790956869,0.0900002165862521,0.03028790572826,-0.0598166450572043,-0.0890974559394219,-0.0524867600932507,-0.1099615038452,0.0939036806534554,-0.0433529532729673,0.00151934887624044
"1132_M_liv_no",-0.135212286241349,0.0453338342269599,-0.00728262594586587,0.0818473943891066,0.0801424865261277,-0.0794336647994476,-0.0665353956362006,-0.0357630500195291,0.0188136998411774,-0.0663673728583788,0.105852625696742,0.00529312722357428,0.103101676385666,0.146483708436035,0.0678485909910045,0.116951356088128,0.157407254379792,-0.153838511279043,-0.128375515901958,-0.150667738727502,-0.0478521368896419,0.0577475560904813,-0.0945350624179133,-0.079270584584879,-0.00239852661934393
"1132_M_lu_no",-0.0512866417161233,-0.126209569417132,-0.0386240449598899,-0.0896997841888254,-0.0437097422788625,-0.024030637204866,-0.0128603472526833,0.0344415314335086,-0.100000620082972,0.00973942382924621,0.0147125423161155,-0.0560233402599958,0.0294109334348719,-0.022529301769504,0.033840122087197,-0.070599875877629,-0.0811832869445155,0.0538783490278067,0.00696112692827933,-0.00726537687674445,0.14647549120128,0.0830792391573287,0.100610503914544,0.143607910836131,0.121995978060079
"1178_M_gi_no",0.0422838282038214,0.00485066402050338,-0.0451383569972577,-0.097776975390657,-0.0879725389022652,-0.0794322174226255,-0.0385669860018332,-0.118129010370349,0.136315650166613,0.146111400764391,0.10047499462945,0.117106909273428,-0.0887983928933426,-0.0472975776127001,0.0315581127301389,0.0722464003850869,-0.0112100378085329,0.0541152578030903,0.0602433569328806,0.048844265616129,0.0493011984711322,0.0520221287829305,-0.0440949584549896,-0.0436938516065197,-0.0605103933862656
"1178_M_hyp_no",0.0285144051470387,0.0347651391556801,-0.0426794344337867,0.0530865356262956,0.100035852648657,0.108280569195478,0.154118880374392,0.0975830191062673,0.0343052969442964,-0.0493953125035014,-0.0948223564951212,-0.102973683715285,-0.0800823863569543,-0.0451695206290838,-0.151368443114832,-0.077033014824635,-0.0607861764194912,0.0155816501564649,0.101727130430215,-0.0477902447779015,-0.0790099651023309,-0.0836861858532094,-0.0421259430432875,0.0265913763323383,-0.0688584042786036
"1178_M_liv_no",-0.12503246115975,0.0127888608658248,-0.0230336575301053,0.0822391637062791,0.088721807081321,-0.0885065855898954,-0.0640543688339225,0.000524123149513855,0.00322203411097075,-0.0781584349822019,0.012256787759439,-0.0114158523949608,0.105162179366637,0.150363533836696,0.0696144439145095,0.119736577881373,0.0715685214967833,-0.161502141603507,-0.122259791696081,0.0893773184790534,-0.0641136413810628,0.0417930494972648,-0.0979280055709157,-0.0806267881923502,0.0228016115891208
"1178_M_lu_no",-0.0459929667741438,-0.155711648946269,-0.043118354382794,-0.0893971876495005,-0.0394528485016593,-0.0298360909826007,-0.0078863105549258,0.0528290013545724,-0.121335930347359,-0.00047584872710713,-0.0403062558996675,-0.0652770630811946,0.0355977775792679,-0.0218935100460428,0.028693574904839,-0.0751239291843702,-0.120054966710603,0.0502392538865726,0.0128339711784849,0.134791589583582,0.120408713761149,0.0655402167828283,0.100377414944687,0.136012622207898,0.141570720650924
"1105_M_gi_yes",0.0462079042221745,-0.00854023742572822,-0.0426760575644189,-0.105197628218293,-0.0889094937382124,-0.0720891120516499,-0.0359372862267515,-0.115690860708276,0.103889789305428,0.153504442222564,0.0947838156886808,0.102016078892091,-0.0989733979197591,-0.0522346756869664,0.0245076293221043,0.0397397423072948,-0.0161126325574798,0.0698984212764165,0.0698321988074612,0.0167291751458138,0.053634389964778,0.0437044444961392,-0.0379845530154654,-0.0406637952504402,-0.08074770963825
"1105_M_hyp_yes",0.0304101942135118,0.0376632738043404,-0.0323638292521072,0.0593490550644534,0.0988209449614551,0.116518193356437,0.141260824672182,0.0965143790817871,0.0258776678702917,-0.0478762316697568,-0.09362561652896,-0.0928077491346586,-0.0634083020000812,-0.0425726590496054,-0.135285457409469,-0.0808537116694844,-0.0443960826479792,0.0237938636233199,0.087996698536585,-0.0820410502601957,-0.0632265364528664,-0.0700171221306437,-0.0245147038549562,0.0375672997134654,-0.0501984118142172
"1105_M_kid_yes",0.13159197479415,0.125660092376934,0.182683813777944,0.0654634932443685,-0.0646167772309718,0.0901197192853082,-0.0470139183336044,-0.0210040570652632,-0.0484018276084503,-0.0407862410779037,-0.0308353119750572,0.0690542753226734,0.0597921145076129,-0.0385270650954098,0.0251681510147271,-0.022740921262222,0.10255463191915,0.0249742941839981,-0.0655502211436757,-0.0683124909684817,-0.0622401298455233,-0.123810850523735,0.0951331330509325,-0.0536872480034367,-0.0118016852765939
"1105_M_liv_yes",-0.110405261609198,0.00879805389000881,-0.00729211601056938,0.0875914468861811,0.088050874689505,-0.0687525639096802,-0.0610724012281755,-0.00476003923077123,0.0194486444401269,-0.0485154870504168,0.0220672921843974,0.00887647756483144,0.10133416679668,0.157247670594314,0.0716024675064112,0.109888198697093,0.0866987717641297,-0.14200622683412,-0.109156353387237,-0.00582011675817594,-0.026067896709189,0.0827459550583317,-0.078863762852134,-0.0642149393849786,0.025982150358782
"1105_M_lu_yes",-0.0305294175146678,-0.134970337219356,-0.0351840816564923,-0.0783694053972423,-0.0363977823460852,-0.00905995481090316,-0.00250829028726836,0.0501458358649138,-0.0953769652967414,0.0176228791265038,-0.0200706494370105,-0.0511833948230093,0.0256284638008227,-0.0154189367979844,0.0326387103869555,-0.0701848356374634,-0.0992989741856153,0.0576376689393995,0.021153185315527,0.05438695431097,0.149051279749866,0.0877311936915499,0.114015797839999,0.165630981788052,0.128713731692639
"1089_M_gi_yes",0.0375128436541268,-0.00439930945586567,-0.0440651219819603,-0.107785634171676,-0.0948149647429158,-0.0777821157703842,-0.040187532927107,-0.129089983985663,0.109577952550871,0.159890131600364,0.115718637856802,0.100353593355371,-0.0981609404999786,-0.0538597036359241,0.0247877097749338,0.0495098786051279,0.00166518346733677,0.0614274682126483,0.0671784583992513,-0.0186447351808198,0.0416998884040631,0.0481707137721893,-0.0481068439898916,-0.0505377123513672,-0.0917123974020614
"1089_M_hyp_yes",0.0296301576720881,0.0306255257315547,-0.0265517193104823,0.0511961447794756,0.0877460770845396,0.107465326999009,0.130747957277619,0.0852940391320772,0.0128744389111581,-0.043129529712745,-0.0746975853959309,-0.0874533276504467,-0.0512390002432997,-0.0437454218253395,-0.118633755420195,-0.0787263686309378,-0.0418274727269511,0.0283829927323681,0.0829181859236416,-0.0960789205012531,-0.0537090274878281,-0.0558384560027395,-0.0152832511477833,0.043018511422799,-0.0492308803363878
"1089_M_kid_yes",0.119771943758884,0.139209710653032,0.182065361304629,0.0652151154247611,-0.0678302334340527,0.0839229583033959,-0.0523270442096661,-0.0278661652925982,-0.0512150938250131,-0.0405074971979658,-0.0113366883835848,0.0730584373568724,0.0687188071713084,-0.0410564878046886,0.0318815524175271,-0.0197826039397557,0.118798616761011,0.0266966721261979,-0.0710723837106044,-0.132977351916824,-0.0642393386790396,-0.125774246806086,0.0925788392984907,-0.0571710456942835,-0.0197089500946471
"1089_M_liv_yes",-0.116541663921611,0.010792715193176,-0.0191341083996313,0.075934147224235,0.0849914971480574,-0.0832625218547749,-0.0646383414358702,-0.0115001495106649,0.0186462703126819,-0.073043064453775,0.0386056694736053,-0.00235781113805752,0.100537555872792,0.154303054723235,0.0780151423382713,0.130939145683582,0.0889395269093956,-0.155261292898817,-0.123733166287132,0.0232021657033367,-0.0492459371158395,0.0516920641448779,-0.0930537804426115,-0.0778077265891925,0.0250639613338021
"1089_M_lu_yes",-0.037351025727194,-0.139658824382764,-0.037193502077002,-0.0851938827774573,-0.03517370845847,-0.014972859516563,-0.00620546550610757,0.048968001361145,-0.10125994950968,0.0144782076472044,-0.0123315635625072,-0.0555055818738761,0.0236304440074451,-0.0196964981626673,0.0336662561560106,-0.0734423247953995,-0.0981055395601731,0.0574325970076303,0.0168299771537516,0.0491594695013131,0.152878263786701,0.0932356870664753,0.10728989334277,0.153262439050323,0.132028818001632
"1192_M_gi_yes",0.0199746953695516,0.0228407238960594,-0.0442925105910903,-0.11201332621155,-0.0968542431524114,-0.0815876136609402,-0.0434690593018597,-0.142835601183353,0.119376020930727,0.163826024806149,0.154508167676658,0.100859722203577,-0.102865973924007,-0.0537262278549015,0.0210590814967865,0.0472868768716254,0.0255895792519491,0.0503299956109808,0.0565428726651475,-0.112865622271149,0.0700798962834333,0.0551259532417593,-0.0527814933300339,-0.0494905706000616,-0.103961252612059
"1192_M_hyp_yes",0.0336712817431178,0.0102672355738885,-0.0487617413702169,0.0532237256459548,0.108954414690353,0.115305662535695,0.168062237875074,0.118407419638016,0.0216774939207544,-0.0492125841618045,-0.108278703986663,-0.109507056194337,-0.0851593025098138,-0.0456226809027541,-0.155589029592981,-0.0840838050947471,-0.0847384005032705,0.0105711226515379,0.112488600436227,0.0249255384550895,-0.0730400693163562,-0.0830925568292419,-0.0416193599908029,0.0322468438398746,-0.0632814346965391
"1192_M_kid_yes",0.14098571995854,0.112890757756257,0.179509329892067,0.0707711775252335,-0.0525909839327578,0.100401571420127,-0.041301626133407,-0.000405290977989154,-0.0556037970645566,-0.0398485074046608,-0.0689988997754265,0.0651846453922686,0.0623993563721268,-0.0335911333246711,0.0234060347688676,-0.0247029926472369,0.0714714361934149,0.0293587495890037,-0.0545202738560819,0.00266061008361307,-0.0493301752933671,-0.116416420031439,0.106795956262071,-0.0422560975884494,0.0153410670564344
"1192_M_liv_yes",-0.108406534516863,0.0139347753460284,-0.0104735805818663,0.0955295486817863,0.0926210603643257,-0.0694593858006866,-0.0568633179696592,-0.00225812750285459,0.0303620193864745,-0.0663030568286193,0.0197866104047713,0.00463575319551333,0.102059366418824,0.155832182400808,0.0688183173818162,0.120167158244245,0.0863731270783015,-0.160698815325754,-0.114222315442955,0.00674096134666099,-0.0326789659632079,0.0818079713976148,-0.0832320175975069,-0.0681913321997925,0.0258301166577358
"1192_M_lu_yes",-0.0347761701017083,-0.143924719932222,-0.0396849748141743,-0.08793249266452,-0.0384750466859397,-0.0185826862452564,-0.00664651320188658,0.0516254162032618,-0.0979598437361985,0.0144651491578043,-0.0240766649410781,-0.0531064576336627,0.0233986078377789,-0.019538328264575,0.0346028284192364,-0.0714099647692715,-0.1037507548066,0.0598325249266514,0.0181104083621177,0.06716436999648,0.151494203838244,0.0929901419152278,0.107179530749125,0.152380113546629,0.133563812556314
"1169_M_gi_no",0.0570493151246993,-0.0107011445943552,-0.039128078579372,-0.0952300612977014,-0.0907009641033764,-0.070906550911196,-0.0379334817551997,-0.11084943611593,0.121778659088443,0.140748612677274,0.0810659405694189,0.119274755826445,-0.0884293025422647,-0.0522453674436196,0.0366783598241419,0.0577243699432855,-0.0269507264509198,0.0740851971891852,0.0694982498276719,0.101817343358646,0.0147942968667549,0.024399929599945,-0.0397435272475615,-0.0522030709231913,-0.0632478568048816
"1169_M_hyp_no",0.0335807826951073,0.0110801867911189,-0.0541931717527783,0.0549709760301388,0.108224806293777,0.111028664550146,0.166420718863135,0.121548960242003,0.027810870266119,-0.0544728870665003,-0.126180885515192,-0.112422763204348,-0.0885939803423327,-0.0482721073372726,-0.162210391714551,-0.0804726002360353,-0.0940639585358212,0.00968572696767272,0.113641798906947,0.0577920805149862,-0.0849200776473938,-0.0932677052925505,-0.0528296077350427,0.0238946364821218,-0.0692586128897507
"1169_M_kid_no",0.111914302115965,0.078676765787163,0.148449416748821,0.0586450126564175,-0.0448952663273056,0.0747808338456285,-0.0417506637213828,0.00203525164980218,-0.068985926015026,-0.0410683333917012,-0.0778184077229656,0.053096476325843,0.0596658546112166,-0.0289612521925175,0.0294351281541384,-0.0203194746788322,0.0446956543812871,0.0270913023662828,-0.053193076468962,0.0866122749105894,-0.045489278852539,-0.107200284925109,0.0930531803340539,-0.0424393827190993,0.0306698928958209
"1169_M_liv_no",-0.115361171266576,0.00061167393806252,-0.0313210002142626,0.0812250382903566,0.0938449093496825,-0.0856447386896498,-0.0623797459257451,0.00119377310590413,0.00230802622909317,-0.0781373906366656,0.00995014724965244,-0.0126802711284904,0.0970815990310222,0.160565405742675,0.0739992035985693,0.12929887310034,0.0624438841010914,-0.16046446206581,-0.121763223932364,0.150181502867435,-0.0496475421123702,0.055035909680612,-0.0938887936789031,-0.0766465763076214,0.0339789335202756
"1169_M_lu_no",-0.0493946702463954,-0.153975729644769,-0.0475910886054715,-0.0894606688034024,-0.0363185527450061,-0.0287562705587166,-0.0122823972899747,0.053765534225662,-0.112706148092529,0.00193569428205261,-0.0401279199887089,-0.0575203266448687,0.032522454532013,-0.02143194378636,0.0349348295316468,-0.0660880130531639,-0.124508672875568,0.0565818952987998,0.0129157036160091,0.143304532289654,0.124728201100523,0.0759676719778857,0.0989570723281867,0.129580008991037,0.149983883374702
"1148_M_gi_yes",0.0461066337289204,0.0250999109878038,-0.0352448960036021,-0.096123195983101,-0.0996680701580231,-0.0787918833253808,-0.0456295640076428,-0.129298905186252,0.12876079886113,0.14561766843064,0.103725270964459,0.124118202825426,-0.100491591245049,-0.0544009271255461,0.0304147410694776,0.0694527591038556,0.0117748103897776,0.0563330033978345,0.0572223870724418,0.0150954141637202,0.0236202387734438,0.0425019091557166,-0.051924476592601,-0.0564969353367316,-0.087101743281916
"1148_M_hyp_yes",0.0292818472255036,0.0126274924487896,-0.0517046322489752,0.0519399146507351,0.111541866415376,0.115081149190608,0.166719443349527,0.12075693830661,0.023811682317835,-0.0519606896216391,-0.118357247626565,-0.110534012334362,-0.0885143412064838,-0.0482844019722644,-0.157327954956488,-0.0864370387785923,-0.0887276486617144,0.0141002098735487,0.111552406646035,0.0301800457917125,-0.07436694080762,-0.0803636522276373,-0.0430989690059592,0.0285418672623911,-0.0624177514535552
"1148_M_kid_yes",0.127518092359938,0.105569278281757,0.176100588981676,0.065594790463335,-0.0575892237215628,0.0906280592151595,-0.0424330057627803,-0.00851378557947463,-0.0597840780825377,-0.0414956544098978,-0.0544158504386543,0.0643018665835679,0.061784890886227,-0.0391795882678783,0.0260932659023139,-0.0276700173587546,0.0757871994820751,0.0246592988247521,-0.0576377463269267,-0.0336108915555467,-0.0545998409351496,-0.116894441522088,0.10054630702293,-0.0453283194496924,0.00531865132035237
"1148_M_liv_yes",-0.112619203587382,-0.00250374394375933,-0.0112500978181096,0.0932188745443041,0.0946362387539859,-0.0609937324725285,-0.0456164039222907,0.00496219345767448,0.0134764622266427,-0.0703184197367436,0.00895812845550702,0.000290238240203265,0.106377903891955,0.158846262100185,0.071238432533362,0.116079161065207,0.0802923989362774,-0.143240718154062,-0.110483997861078,0.00818582773901383,-0.0384167276608229,0.0735435938039452,-0.0835212377814095,-0.0681838869079767,0.0286867024573932
"1148_M_lu_yes",-0.0253490471549215,-0.131523091510373,-0.0296977951195799,-0.0860194358227022,-0.0402022839590847,-0.020059059961516,-0.00891846466719248,0.0425722021396676,-0.0751786433826654,0.03234382752718,-0.0168734468410061,-0.0233631485191087,0.0186243092424752,-0.0233668506772585,0.0337710351195246,-0.0556908403187275,-0.10040660109011,0.0639375771948432,0.0215042581048027,0.0678166749541308,0.142566880283275,0.0908178153736699,0.0999663689940229,0.13704598447363,0.131026996780926
"1138_M_gi_yes",0.0529265008859247,0.0247720568154779,-0.0432182157910303,-0.107498650255261,-0.101504895538976,-0.0807880011276304,-0.0468569143834181,-0.138434065515226,0.119740651095785,0.144419706549587,0.107145923410759,0.118396003925781,-0.106002855771278,-0.0567187474560243,0.0306069267963835,0.0473838890325516,0.0111213173255713,0.0734263971487501,0.0632031327947582,-0.000447141233248229,0.0119615478113307,0.0168407331699423,-0.0560505519209404,-0.0610309012256982,-0.105320294903556
"1138_M_hyp_yes",0.0200504671455339,0.0114858985427211,-0.0467403916181457,0.0516965484412725,0.0887204708558604,0.104916419290236,0.152076610848412,0.0991837755765385,0.0118765604355991,-0.0534261879860288,-0.108265929066483,-0.106212073285318,-0.0824225218754939,-0.0520253995216816,-0.152800538986696,-0.0851523398597078,-0.0763530269821314,0.0260319216385714,0.0953521863740068,-0.0042669797977372,-0.0797355683563178,-0.0861195237417861,-0.0426945120135267,0.0209571150226999,-0.06819299491864
"1138_M_kid_yes",0.122911189189213,0.115247150386383,0.174339582681179,0.0579812209678787,-0.0528549106017727,0.0858495317238595,-0.0421951608669255,-0.0109918638039612,-0.0500098255055644,-0.0329021263975875,-0.0359572073529884,0.0637309535955649,0.062361731706962,-0.0331996178123486,0.0245626914503354,-0.024849602654604,0.0841884681646425,0.0268583922006788,-0.0568372196987314,-0.0707936867104546,-0.0420658271787412,-0.113405389338585,0.0993316502149379,-0.0391442526067266,0.00717743460500198
"1138_M_liv_yes",-0.118888959151615,0.0148544444569026,-0.0107522588454776,0.0831080782279962,0.0835425678716789,-0.0738389468323839,-0.0629188167560794,-0.0131407064804844,0.0140182842173023,-0.066783932804176,0.042954165011885,-0.000135346758410605,0.108566913897161,0.15212891259774,0.0680457641296133,0.110596023642991,0.0993687174113067,-0.146431511013268,-0.115909158929549,-0.0365627090532027,-0.0356100386957914,0.0847497240656762,-0.0841441684038039,-0.0685485275842699,0.0234980621682537
"1139_M_gi_yes",0.0175564664659152,-0.0104512763603817,-0.0304440908671945,-0.0980366036783715,-0.0843978514663494,-0.0638177376324619,-0.0339546259417162,-0.103871237175362,0.0708753113637139,0.141564935936277,0.131568860588513,0.0767257478646964,-0.0702989153863107,-0.0472238429498774,0.0278411739544532,0.0164849532715209,0.00608609641431612,0.0687971661922479,0.0558310592917891,-0.0953309523805496,0.0605135844985641,0.0284190911669122,-0.0255044038392636,-0.0321436769041603,-0.0751550806532434
"1139_M_hyp_yes",0.0135262694053359,0.0200171362370755,-0.0418510475532109,0.0482909909702745,0.0828309335739614,0.0974092408411669,0.134916917154822,0.0848819156833863,0.0115966069640821,-0.0474921702156335,-0.078405681968048,-0.0959888557572628,-0.0756388729442717,-0.0501405089713639,-0.142528019482783,-0.0869837164507804,-0.0540521885747997,0.0257187878512156,0.0841546050873268,-0.0634693765477984,-0.0678508010348545,-0.0713366959700718,-0.0352767193957214,0.0262483214226601,-0.0679225317718748
"1139_M_kid_yes",0.125823694776243,0.138693152250347,0.181664602242029,0.0689049155584896,-0.0617774285274887,0.0885530855206691,-0.0484326764544012,-0.0206259895016342,-0.0470577856723373,-0.0366358791483393,-0.0333348143863066,0.07594098148217,0.0647944372085022,-0.033120780798621,0.0329125908802744,-0.0180973340926107,0.104749152860012,0.0223005769992689,-0.0657475353447463,-0.0989055275154311,-0.0531174931652016,-0.116539143359214,0.0958279260926903,-0.0493515571934127,-0.0105527107063991
"1139_M_liv_yes",-0.114624533197275,0.00924621812837146,-0.00678288635721966,0.0921687631370945,0.0872652324245304,-0.0739476686285057,-0.0641078428349069,-0.00906592252438359,0.0144222343967665,-0.064465616948531,0.0285982435564408,0.0057084688144585,0.109006317909089,0.162572938827796,0.0780892297256902,0.119429965418671,0.0973066898478477,-0.155143501431786,-0.12114832084015,-0.0352796929463075,-0.0332084752892477,0.0782915504074656,-0.0815626489461499,-0.0676719351330464,0.0235179666190067
"1139_M_lu_yes",-0.0497698667977502,-0.128451006653326,-0.0400150046861262,-0.0875290918124807,-0.051021544415892,-0.0255351396382333,-0.0132517110190151,0.0276482571066055,-0.0951898568590129,0.0119874687424095,0.0220814443851625,-0.0548899778549555,0.0251221614884817,-0.0280544090039091,0.0303233018672666,-0.0771372187557719,-0.0706894096905948,0.0512798619691981,0.00726396452881054,-0.0219096030367864,0.149212975023114,0.0824578977066725,0.100236495000549,0.145603160445325,0.108699680473948
"1013_M_gi_no",0.0413044671767519,0.0166798913728196,-0.0437440132201615,-0.0999552232429747,-0.100736052027865,-0.0828310683995017,-0.0448555509696191,-0.135125533894668,0.134165758080018,0.152127155927272,0.125533874611801,0.123667357312945,-0.102104346267877,-0.0552078054668755,0.0310763041676632,0.0668641320646238,0.0206872226078896,0.0566507650229352,0.0557681724245154,-0.048678495826474,0.019699114870413,0.0252200198243181,-0.0591920417161651,-0.0601338429672383,-0.0949580868997784
"1013_M_hyp_no",0.0337304810793841,0.0308950544037096,-0.0302759894110888,0.0559659595448522,0.0940471591326235,0.114340742726947,0.139283716436142,0.0964903615791802,0.0181692970886435,-0.0489304252387712,-0.0861856009627976,-0.0929655417607819,-0.0543415015451533,-0.0448680228227128,-0.126315333093348,-0.0827177986595053,-0.0519307039202245,0.0299171915243446,0.088823840927966,-0.0665130680064868,-0.057519034119776,-0.0545929263040699,-0.0226947161701313,0.0340298893053494,-0.0491211078602644
"1013_M_kid_no",0.113598553905715,0.0965748059918811,0.156002669450178,0.0526678702159361,-0.0475244351544894,0.0812321556403442,-0.035740286415617,-0.00485890098414689,-0.0629609225882768,-0.0342643200328347,-0.0523362113679819,0.052406119594181,0.0521797441618368,-0.0310518087679538,0.024487317015659,-0.027207419767903,0.066106381562149,0.0274442383959877,-0.0479883689339196,-0.0134123239239795,-0.0382084304973751,-0.0988834643189279,0.0959984149987992,-0.0303212200613681,0.0185331436572548
"1013_M_liv_no",-0.110188063530288,0.0191545829414896,-0.0109746501441414,0.0868834508717815,0.0866006529188462,-0.069712064474826,-0.0649667762360689,-0.00259762231284359,0.0217174980440458,-0.0722210607512454,0.0399854955192169,0.00363443804429977,0.104522408664706,0.157877084775094,0.0770805790397001,0.121902282579445,0.0960605077834306,-0.155461872557468,-0.123585577987902,-0.00296992779000947,-0.0496577113983997,0.0597272379112909,-0.0842586027222804,-0.0711242906026191,0.0296915396585435
"1013_M_lu_no",-0.0398513325736625,-0.144593087572314,-0.0395384561430373,-0.0876838246946145,-0.0361411373114184,-0.0176668808615915,-0.00730445552991787,0.0546209870472334,-0.113502384887953,0.00247942183748062,-0.0320372608681238,-0.0584107251162475,0.0290870987764264,-0.017551678132094,0.0345940659436757,-0.0728701795603279,-0.106572882707005,0.0584763021318239,0.0132011878950822,0.0768942007286644,0.134677858847132,0.0792444435932458,0.106422107469739,0.151720133492551,0.135321248759832
"1143_M_gi_no",0.0465067902315229,-0.00661757425541425,-0.0519943429634826,-0.0945953851294865,-0.0874991541041212,-0.0786800638219795,-0.0388876186292221,-0.11551600413535,0.131866654535525,0.139229870614177,0.0923045617095707,0.117312948460151,-0.0992488156881738,-0.0521846292260828,0.0301096129248636,0.0642785632923253,-0.0174517709447955,0.0574271851581282,0.0624225534415579,0.0838781322134583,0.00282113563406264,0.01504026940118,-0.0523068018991636,-0.055405072396991,-0.0740853222858808
"1143_M_hyp_no",0.0148515880425215,-0.00219235265255961,-0.0599040935691173,0.0501741427796104,0.0958648655404028,0.0958216142518214,0.145836134997895,0.10753171450533,0.0057257084829134,-0.0542873575111551,-0.13291767851499,-0.107968127682785,-0.0969114163579816,-0.0506267445750736,-0.15964119130983,-0.086795329106436,-0.10080764881687,0.0225895777344099,0.0968138755657171,0.102308862306765,-0.08464571494988,-0.088863899991499,-0.0536890289740465,0.0140810977321943,-0.056543967900644
"1143_M_kid_no",0.0970119866438204,0.070266624858329,0.136139275388714,0.0490089450576063,-0.0451782179769076,0.0624807612430441,-0.0387973186763803,0.00644194179753337,-0.072708226445503,-0.038573714071702,-0.0714734246722402,0.0438957522068885,0.049600879288646,-0.0313007115504084,0.0233050335538071,-0.0269535512577702,0.0313171379703342,0.0259255524357155,-0.0460865435023712,0.108235001569905,-0.0404477928575556,-0.0978600641184967,0.0913719823721264,-0.0328636786457767,0.0364239873031231
"1143_M_liv_no",-0.117425136416034,0.0194458446641057,-0.0340194270106559,0.0807005025204352,0.0930710113499895,-0.0878293020864524,-0.0604152028294271,0.00898697080905102,-0.00797079133126266,-0.0752007527807141,0.0107236681464166,-0.0130667094647023,0.0838417942221406,0.145549939573813,0.0644636595613393,0.113600652204423,0.0625362979658204,-0.152502104512562,-0.116471066339084,0.156014874871451,-0.0625729230317461,0.0248202030391983,-0.0918188728449119,-0.0806091606411538,0.0339249532579039
"1143_M_lu_no",-0.0546089667155544,-0.130322150398544,-0.0452661388580972,-0.0829040630433683,-0.039220285268538,-0.0349763200417364,-0.0172405766989308,0.0381517277271839,-0.119480206218262,-0.000267796618075102,-0.00307475849411015,-0.0605309995663298,0.0273063367581987,-0.0212663118569451,0.0293306556438898,-0.0672180910187876,-0.0998794492355962,0.0473123138103471,0.00469732632864901,0.078073788038481,0.110961120277298,0.0600420819241225,0.0874558546808829,0.11847235989026,0.13346874889258
"1173_M_gi_no",0.0401305844923281,0.0202043529678992,-0.0437767121674594,-0.0985199661275592,-0.100622462826946,-0.0882238461661067,-0.0450444123373721,-0.131116819492157,0.136259608410365,0.136148525849009,0.113575162957008,0.123038539356023,-0.102240826190491,-0.05164152080644,0.0316348299038491,0.0775920042091152,0.0073435116430766,0.0430954872444445,0.0507180603095802,0.0387705022256789,0.0191423111316557,0.0321254809652724,-0.0539192436594478,-0.0603440070272239,-0.080912817436226
"1173_M_hyp_no",0.0290581446511109,0.0219092135968551,-0.0486999627885269,0.0535154061898243,0.101686512787883,0.109368169392328,0.160032218067375,0.110862883101215,0.0239807269010922,-0.0533397553654125,-0.103526143884321,-0.112439118365425,-0.08303356214907,-0.0493583776363878,-0.158058807758277,-0.0814165720479344,-0.0782391022777755,0.00768093366792986,0.104723876650222,-0.0114242075395225,-0.0807290279479604,-0.0914527869217274,-0.0489732458209998,0.0244202714048555,-0.0693912264981652
"1173_M_kid_no",0.108316352620795,0.0780111199557528,0.148787096486912,0.0517266510692269,-0.0487515421270442,0.0682251480784303,-0.0396972814241859,0.000510185641871334,-0.0650752500084438,-0.0375636635298446,-0.0769271711682998,0.0473311982361415,0.0653230031021721,-0.0243983426810624,0.0271610538842885,-0.018503260330913,0.0370145854925479,0.0343227004362355,-0.0490778830722701,0.0311785891424303,-0.0437079344584983,-0.100008988556671,0.0969768054364144,-0.0374739802856519,0.0283581953178602
"1173_M_liv_no",-0.107539319222653,0.0302250953624639,-0.0270339164035817,0.0634258209352596,0.0772369364641918,-0.0858391908005744,-0.0675815433216348,-0.0105578301959792,0.0334061335685867,-0.0698927741217556,0.0456167785208727,-0.00246621885125147,0.0867412431583876,0.147147258602283,0.0770257564219686,0.131583852834632,0.0865196219865964,-0.150217288741814,-0.12003908715995,0.00195852912411874,-0.0572864083904346,0.0375487266092872,-0.0940332223346194,-0.0815791035419311,0.0217594405020973
"1173_M_lu_no",-0.0430527425741469,-0.130077157677206,-0.0406566796421807,-0.0829759377950199,-0.0336385566680658,-0.0283484336257926,-0.0115108307330479,0.0403537760677936,-0.105206582822605,0.00408692725151223,-0.0141346120775651,-0.0578000202483298,0.0331839830099492,-0.0189689165805114,0.0319510149618558,-0.065635449250194,-0.0957903675774488,0.0540258925774506,0.00982290722183056,0.0677377202137301,0.128438545854814,0.0747180952556249,0.104321377125112,0.139479571785921,0.140170546734289
"1071_M_gi_no",0.0424107238302206,0.0176118368626829,-0.0454170206577918,-0.0914866813344899,-0.0873365807625582,-0.0787890592579311,-0.0417233925440749,-0.116647237924235,0.131678458567235,0.139679565513999,0.110178074591815,0.117999268427946,-0.0969700104701045,-0.0499173778180051,0.0303825321706504,0.0704910266095152,-0.000792221714676027,0.0536107608769981,0.0581917463528628,0.0490870004652138,0.0139294984849081,0.0288236133765619,-0.0502320275271398,-0.0531023805477999,-0.070256549342892
"1071_M_hyp_no",0.012259493555684,0.00795872481874127,-0.0558052439948068,0.0508149850022984,0.0859967027609405,0.0913133095304645,0.137090559016757,0.0981494212922546,0.00731848834572296,-0.0556127910229514,-0.108542391767906,-0.108027674252986,-0.0978927242920095,-0.0534810235500053,-0.159940402314911,-0.0870206053883063,-0.083812243398369,0.0262495090236086,0.0888812528953247,0.0343531815353675,-0.0870729266600138,-0.0869018133601815,-0.0623301321524718,0.00828110358290792,-0.0784540262282414
"1071_M_liv_no",-0.11398822872008,0.0159041436673971,-0.0198244214793961,0.0938688071474645,0.0938189209357197,-0.0721439952521248,-0.0507591099964621,-0.00331303714089384,0.0130468093060764,-0.0680075361256929,0.0292232293737022,0.0013005247375239,0.102327895868176,0.157317342567124,0.0687697894612186,0.118905693362499,0.0866230533314349,-0.156526659519134,-0.118059897718946,0.035273784346461,-0.0587042525562549,0.049096340927388,-0.0953949293151774,-0.077127412798102,0.0223396127174203
"1071_M_lu_no",-0.0404069686353556,-0.145803760414182,-0.0416490739893305,-0.0847257795648109,-0.0343914364341513,-0.0215497810049826,-0.00853922491520235,0.0568474895913182,-0.113921620119979,0.00381640019704081,-0.0361948652817909,-0.0597929194888877,0.0323036650673592,-0.0201670444601428,0.0342993462234177,-0.075064428531806,-0.11596646434726,0.0580761837426888,0.0143510437772745,0.10808409960256,0.134000426408456,0.089502724107625,0.108148520244248,0.14833464757462,0.142656601406345
"1155_F_hyp_yes",0.0198050521886341,0.0107099697570789,-0.0393270813085516,0.0435169070592228,0.0952844633391902,0.115955256328183,0.153202690652067,0.101001666445439,0.014114417290629,-0.0439079920161951,-0.0770995300352429,-0.101725709969109,-0.0724285979922009,-0.0426843427868418,-0.13960938940834,-0.0844213314767968,-0.0620434756613892,0.0144259455209617,0.100151251262157,-0.0473810462653062,-0.0636836660334589,-0.0653527286548458,-0.0251431106994962,0.0511150779368281,-0.0501325979595388
"1155_F_liv_yes",-0.12039912494338,-0.000190821509185965,-0.0210849906882262,0.0809026022009095,0.0813602607492169,-0.0776396249118639,-0.0586587541511346,-0.00475171806406244,-0.00996031786564505,-0.0768362122049301,0.0429068689418284,-0.0103676628515916,0.0990627036829024,0.14698546351554,0.0725173645203942,0.109235556799733,0.082773687449433,-0.1526903463237,-0.119828144107534,0.0200890182337294,-0.052570165403647,0.0439045627212194,-0.0887664883855316,-0.0754129605947279,0.0257125829540636
"1155_F_lu_yes",-0.0499201053239266,-0.13754387450077,-0.0410079179043773,-0.0913779414021882,-0.0446441740662581,-0.0265230069520531,-0.0130421532931848,0.0402821888058271,-0.112184027302503,0.00485762463373165,0.00381101636632473,-0.0571886818348331,0.0233857675404,-0.0244321645092406,0.0334127247753887,-0.073963022957335,-0.0891285317738629,0.0565961127134066,0.00833316620747494,0.0123591004686102,0.134123590520742,0.0766546334246715,0.0992276373420698,0.139754651413336,0.12172299999065
"1158_M_gi_yes",0.0395516151635086,0.0228183358199558,-0.0431629332776034,-0.0983669369723789,-0.0971581978358681,-0.0823666779785757,-0.0448878687802622,-0.13188907005385,0.12288348015559,0.151234434779855,0.104075386098242,0.112949112172059,-0.108235476467857,-0.0526786962209975,0.0274459566909433,0.0654626032177118,0.00520379198944715,0.0457279067473059,0.0565028828436564,0.0176954993139248,0.0375533128239827,0.047612063561478,-0.0597797588560898,-0.0571862359931578,-0.0901592144497218
"1158_M_hyp_yes",0.0246606387283344,0.0341022228361643,-0.047031890098669,0.0565287223469515,0.107711090078518,0.11388117829941,0.163781385305893,0.106081612951473,0.0372828798378658,-0.0485055481965903,-0.0978594972992697,-0.106552640800724,-0.0871015175918536,-0.046689334827619,-0.158869315189959,-0.0794281396852655,-0.0678623358351888,0.0103834026198505,0.10938568677346,-0.042145716406155,-0.0746709675650282,-0.0812383417885513,-0.0475857395941751,0.029300053457505,-0.0714073167774675
"1158_M_liv_yes",-0.10536650276383,0.0112052578850623,-0.00587981324994774,0.0921157050069286,0.0898809844526316,-0.0605636084722011,-0.0587080837437062,0.00502206237940574,0.012294023866772,-0.0549588662382483,0.0124039973699744,0.00654153887834779,0.107198592348494,0.155742886570709,0.0700261260762189,0.110554584853028,0.0881589422747176,-0.129463003630061,-0.105111753580562,0.0125832858611915,-0.0282726974657539,0.0810689990494007,-0.0693077140054102,-0.0597456423363392,0.0348037933960168
"1158_M_lu_yes",-0.0419615980091556,-0.13461422631203,-0.0389592481286737,-0.0844273866561799,-0.0416997249351865,-0.0198376004895314,-0.00983835278884104,0.0401722510451844,-0.0984575582085927,0.0130871846290002,-0.00508157324253331,-0.051558622841159,0.0252705137573549,-0.021352191011342,0.0344656441997527,-0.0715195158854277,-0.0928648125823864,0.0575213186455355,0.0152376968193321,0.0279749986870628,0.149125249310603,0.093190376106556,0.105353146511651,0.149691480294982,0.128368340807063
"1168_F_gi_yes",0.0396230321084636,0.0116492235565589,-0.0404615610287289,-0.0875400184644591,-0.087320974886748,-0.0738127050918787,-0.03801247444791,-0.109857273432466,0.121075959684277,0.132187557515687,0.0971571533678623,0.11095384192525,-0.0923385497947948,-0.0472905950899978,0.0300100775260879,0.0712647926791934,-0.00477438659528007,0.0433927743840404,0.0526180876468965,0.0640521015273027,0.0209189197264209,0.0267170327670348,-0.0514697670214967,-0.0527413792805563,-0.0776002144517019
"1168_F_hyp_yes",0.0250397059395607,0.00591394836497206,-0.0416000396926066,0.0499124636993264,0.0902338973076478,0.104368920093499,0.14514981164068,0.100203446862357,0.0120001112172308,-0.0464126370532345,-0.110657907128582,-0.100717026566491,-0.0742039505451909,-0.0452325587304971,-0.140746668528196,-0.0834712444866025,-0.0800491855142156,0.029243572590702,0.0927295170617326,0.0239356471686541,-0.0626223639673706,-0.0716393142826513,-0.0317121687787437,0.0327517105861938,-0.049231961895693
"1168_F_liv_yes",-0.109757909370537,0.0160961913458735,-0.0215015465374705,0.0861714835996648,0.0966700480242464,-0.0700548882958835,-0.0594777687505347,0.0114388932312375,0.0172219458592548,-0.071691156752635,0.0107676044611578,-0.0027897219090394,0.105155496335241,0.160159539720077,0.0718264570053752,0.123481732590767,0.0806690952968083,-0.154740462539675,-0.116783510832053,0.0690222018675025,-0.0512931331157939,0.0505425224841852,-0.0851030910935887,-0.0678825616527254,0.0363184200755251
"1168_F_lu_yes",-0.0432657538096134,-0.149276330662331,-0.0449472979104363,-0.0914610012312297,-0.0390020075300605,-0.0273476524832256,-0.00995594328426631,0.0539160776574267,-0.11891966758206,0.00217488542539754,-0.0399555786777389,-0.0628108028842041,0.0343497856609004,-0.0192955203978657,0.0331620655627677,-0.0738766307047955,-0.118490550889157,0.0620617133066471,0.01292077917933,0.120300875950585,0.140794729168522,0.0801952308591987,0.103914166442769,0.138688796401511,0.145302855473518
